{"v":"4.8.0","meta":{"g":"LottieFiles AE 3.4.4","a":"","k":"","d":"","tc":""},"fr":30,"ip":0,"op":30,"w":250,"h":250,"nm":"1 Home Active","ddd":0,"assets":[{"id":"comp_0","layers":[{"ddd":0,"ind":4,"ty":4,"nm":"Layer 1/Vector-1 - Copy Outlines 7","sr":1,"ks":{"o":{"a":0,"k":100,"ix":11},"r":{"a":0,"k":0,"ix":10},"p":{"a":0,"k":[190.75,367.339,0],"ix":2},"a":{"a":0,"k":[147.75,295.35,0],"ix":1},"s":{"a":1,"k":[{"i":{"x":[0.833,0.833,0.833],"y":[0.833,0.833,0.833]},"o":{"x":[0.167,0.167,0.167],"y":[0.167,0.167,0.167]},"t":3,"s":[110,48,100]},{"t":6.99969500750751,"s":[100,100,100]}],"ix":6,"x":"var $bm_rt;\nvar config = undefined;\nvar isPathShape = false;\nvar easeFunc = function (a, b, c, d, e) {\n    var f = 1, g = 0.78, h = 0.84;\n    if ((a /= d) < 0)\n        return e + b;\n    if (a <= f)\n        return c * (a * (1 / f)) + b;\n    f < a && a <= 1 && (e = b + c), a -= f;\n    var i = c / f, j = g * Math.PI * 2;\n    return e + i * (Math.sin(a * j) / Math.exp(h * a) / j);\n};\nfunction getDimensions() {\n    try {\n        key(1)[2];\n        return 3;\n    } catch (e) {\n    }\n    try {\n        key(1)[1];\n        return 2;\n    } catch (e) {\n    }\n    return 1;\n}\nfunction getNormalizedValue(value, dim) {\n    if (dim == 1)\n        return [value];\n    var vals = [];\n    for (var i = 0; i < dim; i++)\n        vals.push(value[i]);\n    return vals;\n}\nfunction easeBootstrap() {\n    if (numKeys < 2)\n        return value;\n    var n = nearestKey(time).index;\n    if (key(n).time > time)\n        n--;\n    if ($bm_mod(n, 2) == 0)\n        n--;\n    if (n <= 0)\n        return value;\n    var key1 = key(n);\n    var key2 = key($bm_sum(n, 1));\n    var key3 = null;\n    var t = $bm_sub(time, key1.time);\n    var d = $bm_sub(key2.time, key1.time);\n    if (numKeys >= $bm_sum(n, 2)) {\n        key3 = key($bm_sum(n, 2));\n        if (time > key3.time)\n            return value;\n    }\n    if (isPathShape) {\n        var b = key1.time;\n        var c = $bm_sub(key2.time, key1.time);\n        return valueAtTime(easeFunc(t, b, c, d, value));\n    } else {\n        var values = [];\n        var propertyDimensions = getDimensions();\n        var vals = getNormalizedValue(value, propertyDimensions);\n        for (var i = 0; i < propertyDimensions; i++) {\n            var b = key1[i];\n            var c = $bm_sub(key2[i], key1[i]);\n            values.push(easeFunc(t, b, c, d, vals[i]));\n        }\n        if (propertyDimensions == 1)\n            return values[0];\n        else\n            return values;\n    }\n}\ntry {\n    $bm_rt = easeBootstrap() || value;\n} catch (e) {\n    $bm_rt = value;\n}"}},"ao":0,"shapes":[{"ty":"gr","it":[{"ind":0,"ty":"sh","ix":1,"ks":{"a":0,"k":{"i":[[-4.6,-3.3],[0,0],[-3.1,-6],[0,-6.7],[0,0],[23.6,0],[0,0],[0,0],[25.7,0],[0,-25.601],[0,0],[0,0],[0,23.5],[0,0],[-3.1,6],[-5.5,3.9],[0,0],[-5.7,0]],"o":[[0,0],[5.5,3.9],[3.1,6],[0,0],[0,23.5],[0,0],[0,0],[0,-25.601],[-25.7,0],[0,0],[0,0],[-23.6,0],[0,0],[0,-6.8],[3.1,-6],[0,0],[4.6,-3.3],[5.6,-0.1]],"v":[[15.8,-142.45],[129.7,-60.95],[142.8,-45.85],[147.5,-26.45],[147.5,104.95],[104.8,147.55],[46.6,147.55],[46.6,85.651],[0,39.25],[-46.6,85.651],[-46.6,147.55],[-104.8,147.55],[-147.5,104.95],[-147.5,-26.35],[-142.8,-45.75],[-129.7,-60.85],[-15.8,-142.35],[0.1,-147.45]],"c":true},"ix":2},"nm":"Path 1","mn":"ADBE Vector Shape - Group","hd":false},{"ty":"gf","o":{"a":0,"k":100,"ix":10},"r":1,"bm":0,"g":{"p":3,"k":{"a":0,"k":[0,0.251,0.62,1,0.5,0.416,0.704,1,1,0.58,0.788,1],"ix":9}},"s":{"a":0,"k":[136.5,128.5],"ix":5},"e":{"a":0,"k":[-64,-103],"ix":6},"t":1,"nm":"Gradient Fill 1","mn":"ADBE Vector Graphic - G-Fill","hd":false},{"ty":"tr","p":{"a":0,"k":[147.75,147.8],"ix":2},"a":{"a":0,"k":[0,0],"ix":1},"s":{"a":0,"k":[100,100],"ix":3},"r":{"a":0,"k":0,"ix":6},"o":{"a":0,"k":100,"ix":7},"sk":{"a":0,"k":0,"ix":4},"sa":{"a":0,"k":0,"ix":5},"nm":"Transform"}],"nm":"Group 1","np":2,"cix":2,"bm":0,"ix":1,"mn":"ADBE Vector Group","hd":false}],"ip":3,"op":30,"st":4.50750750750751,"bm":0},{"ddd":0,"ind":5,"ty":4,"nm":"Layer 1/Vector-1 - Copy Outlines 6","sr":1,"ks":{"o":{"a":0,"k":100,"ix":11},"r":{"a":0,"k":0,"ix":10},"p":{"a":0,"k":[190.75,367.339,0],"ix":2},"a":{"a":0,"k":[147.75,295.35,0],"ix":1},"s":{"a":1,"k":[{"i":{"x":[0.833,0.833,0.833],"y":[0.833,0.833,0.833]},"o":{"x":[0.167,0.167,0.167],"y":[0.167,0.167,0.167]},"t":0,"s":[100,100,100]},{"t":2.99969500750751,"s":[110,48,100]}],"ix":6,"x":"var $bm_rt;\nvar config = undefined;\nvar isPathShape = false;\nvar easeFunc = function (a, b, c, d, e) {\n    var f = 1, g = 0.78, h = 0.84;\n    if ((a /= d) < 0)\n        return e + b;\n    if (a <= f)\n        return c * (a * (1 / f)) + b;\n    f < a && a <= 1 && (e = b + c), a -= f;\n    var i = c / f, j = g * Math.PI * 2;\n    return e + i * (Math.sin(a * j) / Math.exp(h * a) / j);\n};\nfunction getDimensions() {\n    try {\n        key(1)[2];\n        return 3;\n    } catch (e) {\n    }\n    try {\n        key(1)[1];\n        return 2;\n    } catch (e) {\n    }\n    return 1;\n}\nfunction getNormalizedValue(value, dim) {\n    if (dim == 1)\n        return [value];\n    var vals = [];\n    for (var i = 0; i < dim; i++)\n        vals.push(value[i]);\n    return vals;\n}\nfunction easeBootstrap() {\n    if (numKeys < 2)\n        return value;\n    var n = nearestKey(time).index;\n    if (key(n).time > time)\n        n--;\n    if ($bm_mod(n, 2) == 0)\n        n--;\n    if (n <= 0)\n        return value;\n    var key1 = key(n);\n    var key2 = key($bm_sum(n, 1));\n    var key3 = null;\n    var t = $bm_sub(time, key1.time);\n    var d = $bm_sub(key2.time, key1.time);\n    if (numKeys >= $bm_sum(n, 2)) {\n        key3 = key($bm_sum(n, 2));\n        if (time > key3.time)\n            return value;\n    }\n    if (isPathShape) {\n        var b = key1.time;\n        var c = $bm_sub(key2.time, key1.time);\n        return valueAtTime(easeFunc(t, b, c, d, value));\n    } else {\n        var values = [];\n        var propertyDimensions = getDimensions();\n        var vals = getNormalizedValue(value, propertyDimensions);\n        for (var i = 0; i < propertyDimensions; i++) {\n            var b = key1[i];\n            var c = $bm_sub(key2[i], key1[i]);\n            values.push(easeFunc(t, b, c, d, vals[i]));\n        }\n        if (propertyDimensions == 1)\n            return values[0];\n        else\n            return values;\n    }\n}\ntry {\n    $bm_rt = easeBootstrap() || value;\n} catch (e) {\n    $bm_rt = value;\n}"}},"ao":0,"shapes":[{"ty":"gr","it":[{"ind":0,"ty":"sh","ix":1,"ks":{"a":0,"k":{"i":[[-4.6,-3.3],[0,0],[-3.1,-6],[0,-6.7],[0,0],[23.6,0],[0,0],[0,0],[25.7,0],[0,-25.601],[0,0],[0,0],[0,23.5],[0,0],[-3.1,6],[-5.5,3.9],[0,0],[-5.7,0]],"o":[[0,0],[5.5,3.9],[3.1,6],[0,0],[0,23.5],[0,0],[0,0],[0,-25.601],[-25.7,0],[0,0],[0,0],[-23.6,0],[0,0],[0,-6.8],[3.1,-6],[0,0],[4.6,-3.3],[5.6,-0.1]],"v":[[15.8,-142.45],[129.7,-60.95],[142.8,-45.85],[147.5,-26.45],[147.5,104.95],[104.8,147.55],[46.6,147.55],[46.6,85.651],[0,39.25],[-46.6,85.651],[-46.6,147.55],[-104.8,147.55],[-147.5,104.95],[-147.5,-26.35],[-142.8,-45.75],[-129.7,-60.85],[-15.8,-142.35],[0.1,-147.45]],"c":true},"ix":2},"nm":"Path 1","mn":"ADBE Vector Shape - Group","hd":false},{"ty":"gf","o":{"a":0,"k":100,"ix":10},"r":1,"bm":0,"g":{"p":3,"k":{"a":0,"k":[0,0.251,0.62,1,0.5,0.416,0.704,1,1,0.58,0.788,1],"ix":9}},"s":{"a":0,"k":[136.5,128.5],"ix":5},"e":{"a":0,"k":[-64,-103],"ix":6},"t":1,"nm":"Gradient Fill 1","mn":"ADBE Vector Graphic - G-Fill","hd":false},{"ty":"tr","p":{"a":0,"k":[147.75,147.8],"ix":2},"a":{"a":0,"k":[0,0],"ix":1},"s":{"a":0,"k":[100,100],"ix":3},"r":{"a":0,"k":0,"ix":6},"o":{"a":0,"k":100,"ix":7},"sk":{"a":0,"k":0,"ix":4},"sa":{"a":0,"k":0,"ix":5},"nm":"Transform"}],"nm":"Group 1","np":2,"cix":2,"bm":0,"ix":1,"mn":"ADBE Vector Group","hd":false}],"ip":0,"op":3,"st":7.50750750750751,"bm":0}]}],"layers":[{"ddd":0,"ind":1,"ty":0,"nm":"1 Home","refId":"comp_0","sr":1,"ks":{"o":{"a":0,"k":100,"ix":11},"r":{"a":0,"k":0,"ix":10},"p":{"a":0,"k":[125,138,0],"ix":2},"a":{"a":0,"k":[191,219.5,0],"ix":1},"s":{"a":0,"k":[66.597,66.597,100],"ix":6}},"ao":0,"w":382,"h":439,"ip":0,"op":30,"st":0,"bm":0}],"markers":[]}