{"nm":"bg","v":"5.9.6","fr":60,"ip":0,"op":479,"w":760,"h":600,"ddd":0,"markers":[],"assets":[{"nm":"Frame 1410101555","fr":60,"id":"7073:40245","layers":[{"ty":3,"ddd":0,"ind":5,"hd":false,"nm":"Frame 1410101555 - Null","ks":{"a":{"a":0,"k":[115.0853,116.0852]},"o":{"a":0,"k":100},"p":{"a":1,"k":[{"t":0,"s":[506.0853,458.0852],"o":{"x":[0],"y":[0]},"i":{"x":[1],"y":[1]},"ti":[-16,-9],"to":[0,0]},{"t":30,"s":[532.0853,458.0852],"o":{"x":[0],"y":[0]},"i":{"x":[1],"y":[1]},"ti":[0,0],"to":[12,13]},{"t":60,"s":[532.0853,484.0852],"o":{"x":[0],"y":[0]},"i":{"x":[1],"y":[1]},"ti":[14,11],"to":[0,0]},{"t":90,"s":[506.0853,484.0852],"o":{"x":[0],"y":[0]},"i":{"x":[1],"y":[1]},"ti":[0,0],"to":[-12,-15]},{"t":120,"s":[506.0853,458.0852],"o":{"x":[0.5],"y":[0.35]},"i":{"x":[1],"y":[1]},"ti":[-15,-11],"to":[0,0]},{"t":150,"s":[532.0853,458.0852],"o":{"x":[0],"y":[0]},"i":{"x":[1],"y":[1]},"ti":[0,0],"to":[12,13]},{"t":180,"s":[532.0853,484.0852],"o":{"x":[0],"y":[0]},"i":{"x":[1],"y":[1]},"ti":[14,11],"to":[0,0]},{"t":210,"s":[506.0853,484.0852],"o":{"x":[0],"y":[0]},"i":{"x":[1],"y":[1]},"ti":[0,0],"to":[-12,-16]},{"t":240,"s":[506.0853,458.0852],"o":{"x":[0.5],"y":[0.35]},"i":{"x":[1],"y":[1]},"ti":[-15,-11],"to":[0,0]},{"t":270,"s":[532.0853,458.0852],"o":{"x":[0],"y":[0]},"i":{"x":[1],"y":[1]},"ti":[0,0],"to":[12,13]},{"t":300,"s":[532.0853,484.0852],"o":{"x":[0],"y":[0]},"i":{"x":[1],"y":[1]},"ti":[14,11],"to":[0,0]},{"t":330,"s":[506.0853,484.0852],"o":{"x":[0],"y":[0]},"i":{"x":[1],"y":[1]},"ti":[0,0],"to":[-12,-16]},{"t":360,"s":[506.0853,458.0852],"o":{"x":[0.5],"y":[0.35]},"i":{"x":[1],"y":[1]},"ti":[-15,-11],"to":[0,0]},{"t":390,"s":[532.0853,458.0852],"o":{"x":[0],"y":[0]},"i":{"x":[1],"y":[1]},"ti":[0,0],"to":[12,13]},{"t":420,"s":[532.0853,484.0852],"o":{"x":[0],"y":[0]},"i":{"x":[1],"y":[1]},"ti":[14,11],"to":[0,0]},{"t":450,"s":[506.0853,484.0852],"o":{"x":[0],"y":[0]},"i":{"x":[1],"y":[1]},"ti":[0,0],"to":[-12,-16]},{"t":480,"s":[506.0853,458.0852]}]},"r":{"a":0,"k":0},"s":{"a":0,"k":[100,100]},"sk":{"a":0,"k":0},"sa":{"a":0,"k":0}},"st":0,"ip":0,"op":1260,"bm":0,"sr":1},{"ty":4,"ddd":0,"ind":6,"hd":false,"nm":"Frame 1410101555 - Shape Mask","parent":5,"ks":{"a":{"a":0,"k":[0,0]},"p":{"a":0,"k":[0,0]},"s":{"a":0,"k":[100,100]},"sk":{"a":0,"k":0},"sa":{"a":0,"k":0},"r":{"a":0,"k":0},"o":{"a":0,"k":100}},"st":0,"ip":0,"op":1260,"bm":0,"sr":1,"shapes":[{"ty":"gr","nm":"Group","hd":false,"np":3,"it":[{"ty":"sh","nm":"Path","hd":false,"ks":{"a":0,"k":{"c":true,"v":[[0,0],[230.1706,0],[230.1706,0],[230.1706,232.1704],[230.1706,232.1704],[0,232.1704],[0,232.1704],[0,0]],"i":[[0,0],[0,0],[0,0],[0,0],[0,0],[0,0],[0,0],[0,0]],"o":[[0,0],[0,0],[0,0],[0,0],[0,0],[0,0],[0,0],[0,0]]}}},{"ty":"fl","o":{"a":0,"k":100},"c":{"a":0,"k":[0,1,0,1]},"nm":"Fill","hd":false,"r":1},{"ty":"tr","a":{"a":0,"k":[0,0]},"p":{"a":0,"k":[0,0]},"s":{"a":0,"k":[100,100]},"sk":{"a":0,"k":0},"sa":{"a":0,"k":0},"r":{"a":0,"k":0},"o":{"a":0,"k":100}}]}]}]},{"nm":"Frame 1410101555","fr":60,"id":"ll692m6qx3lbz6dli9l","layers":[{"ty":3,"ddd":0,"ind":52,"hd":false,"nm":"Frame 1410101555 - Null","ks":{"a":{"a":0,"k":[115.0853,116.0852]},"o":{"a":0,"k":100},"p":{"a":1,"k":[{"t":0,"s":[506.0853,458.0852],"o":{"x":[0],"y":[0]},"i":{"x":[1],"y":[1]},"ti":[-16,-9],"to":[0,0]},{"t":30,"s":[532.0853,458.0852],"o":{"x":[0],"y":[0]},"i":{"x":[1],"y":[1]},"ti":[0,0],"to":[12,13]},{"t":60,"s":[532.0853,484.0852],"o":{"x":[0],"y":[0]},"i":{"x":[1],"y":[1]},"ti":[14,11],"to":[0,0]},{"t":90,"s":[506.0853,484.0852],"o":{"x":[0],"y":[0]},"i":{"x":[1],"y":[1]},"ti":[0,0],"to":[-12,-15]},{"t":120,"s":[506.0853,458.0852],"o":{"x":[0.5],"y":[0.35]},"i":{"x":[1],"y":[1]},"ti":[-15,-11],"to":[0,0]},{"t":150,"s":[532.0853,458.0852],"o":{"x":[0],"y":[0]},"i":{"x":[1],"y":[1]},"ti":[0,0],"to":[12,13]},{"t":180,"s":[532.0853,484.0852],"o":{"x":[0],"y":[0]},"i":{"x":[1],"y":[1]},"ti":[14,11],"to":[0,0]},{"t":210,"s":[506.0853,484.0852],"o":{"x":[0],"y":[0]},"i":{"x":[1],"y":[1]},"ti":[0,0],"to":[-12,-16]},{"t":240,"s":[506.0853,458.0852],"o":{"x":[0.5],"y":[0.35]},"i":{"x":[1],"y":[1]},"ti":[-15,-11],"to":[0,0]},{"t":270,"s":[532.0853,458.0852],"o":{"x":[0],"y":[0]},"i":{"x":[1],"y":[1]},"ti":[0,0],"to":[12,13]},{"t":300,"s":[532.0853,484.0852],"o":{"x":[0],"y":[0]},"i":{"x":[1],"y":[1]},"ti":[14,11],"to":[0,0]},{"t":330,"s":[506.0853,484.0852],"o":{"x":[0],"y":[0]},"i":{"x":[1],"y":[1]},"ti":[0,0],"to":[-12,-16]},{"t":360,"s":[506.0853,458.0852],"o":{"x":[0.5],"y":[0.35]},"i":{"x":[1],"y":[1]},"ti":[-15,-11],"to":[0,0]},{"t":390,"s":[532.0853,458.0852],"o":{"x":[0],"y":[0]},"i":{"x":[1],"y":[1]},"ti":[0,0],"to":[12,13]},{"t":420,"s":[532.0853,484.0852],"o":{"x":[0],"y":[0]},"i":{"x":[1],"y":[1]},"ti":[14,11],"to":[0,0]},{"t":450,"s":[506.0853,484.0852],"o":{"x":[0],"y":[0]},"i":{"x":[1],"y":[1]},"ti":[0,0],"to":[-12,-16]},{"t":480,"s":[506.0853,458.0852]}]},"r":{"a":0,"k":0},"s":{"a":0,"k":[100,100]},"sk":{"a":0,"k":0},"sa":{"a":0,"k":0}},"st":0,"ip":0,"op":1260,"bm":0,"sr":1},{"ty":3,"ddd":0,"ind":19,"hd":false,"nm":"Rectangle 346241066 - Null","parent":52,"ks":{"a":{"a":0,"k":[0,0]},"o":{"a":0,"k":100},"p":{"a":0,"k":[152,180.3545]},"r":{"a":0,"k":-45},"s":{"a":0,"k":[100,100]},"sk":{"a":0,"k":0},"sa":{"a":0,"k":0}},"st":0,"ip":0,"op":1260,"bm":0,"sr":1},{"ty":4,"ddd":0,"ind":20,"hd":false,"nm":"Rectangle 346241066","parent":19,"ks":{"a":{"a":0,"k":[0,0]},"p":{"a":0,"k":[0,0]},"s":{"a":0,"k":[100,100]},"sk":{"a":0,"k":0},"sa":{"a":0,"k":0},"r":{"a":0,"k":0},"o":{"a":0,"k":100}},"st":0,"ip":0,"op":1260,"bm":0,"sr":1,"shapes":[{"ty":"gr","nm":"Group","hd":false,"np":3,"it":[{"ty":"sh","nm":"Path","hd":false,"ks":{"a":0,"k":{"c":true,"v":[[0,0],[37.2711,0],[37.2711,0],[37.2711,73.2788],[37.2711,73.2788],[0,73.2788],[0,73.2788],[0,0]],"i":[[0,0],[0,0],[0,0],[0,0],[0,0],[0,0],[0,0],[0,0]],"o":[[0,0],[0,0],[0,0],[0,0],[0,0],[0,0],[0,0],[0,0]]}}},{"ty":"gf","o":{"a":0,"k":100},"g":{"p":2,"k":{"a":0,"k":[0,0.38823529411764707,0.6823529411764706,1,1,0.25882352941176473,0.4980392156862745,1,0,1,1,1]}},"s":{"a":0,"k":[37.2711,-4.4870325890609e-15]},"e":{"a":0,"k":[37.2711,73.27879999999999]},"t":1,"nm":"Fill","hd":false,"r":1},{"ty":"tr","a":{"a":0,"k":[0,0]},"p":{"a":0,"k":[0,0]},"s":{"a":0,"k":[100,100]},"sk":{"a":0,"k":0},"sa":{"a":0,"k":0},"r":{"a":0,"k":0},"o":{"a":0,"k":100}}]}]},{"ty":4,"ddd":0,"ind":21,"hd":false,"nm":"Rectangle 346241066","parent":19,"ks":{"a":{"a":0,"k":[0,0]},"p":{"a":0,"k":[0,0]},"s":{"a":0,"k":[100,100]},"sk":{"a":0,"k":0},"sa":{"a":0,"k":0},"r":{"a":0,"k":0},"o":{"a":0,"k":100}},"st":0,"ip":0,"op":1260,"bm":0,"sr":1,"shapes":[{"ty":"gr","nm":"Group","hd":false,"np":3,"it":[{"ty":"sh","nm":"Path","hd":false,"ks":{"a":0,"k":{"c":true,"v":[[0,0],[37.2711,0],[37.2711,0],[37.2711,73.2788],[37.2711,73.2788],[0,73.2788],[0,73.2788],[0,0]],"i":[[0,0],[0,0],[0,0],[0,0],[0,0],[0,0],[0,0],[0,0]],"o":[[0,0],[0,0],[0,0],[0,0],[0,0],[0,0],[0,0],[0,0]]}}},{"ty":"gf","o":{"a":0,"k":100},"g":{"p":2,"k":{"a":0,"k":[0,0.6666666666666666,0.8274509803921568,1,1,0.45098039215686275,0.6274509803921569,1,0,1,1,1]}},"s":{"a":0,"k":[37.2711,0]},"e":{"a":0,"k":[37.2711,73.2788]},"t":1,"nm":"Fill","hd":false,"r":1},{"ty":"tr","a":{"a":0,"k":[0,0]},"p":{"a":0,"k":[0,0]},"s":{"a":0,"k":[100,100]},"sk":{"a":0,"k":0},"sa":{"a":0,"k":0},"r":{"a":0,"k":0},"o":{"a":0,"k":100}}]}]},{"ty":3,"ddd":0,"ind":22,"hd":false,"nm":"Ellipse 870 (Stroke) - Null","parent":52,"ks":{"a":{"a":0,"k":[0,0]},"o":{"a":0,"k":100},"p":{"a":0,"k":[32,32]},"r":{"a":0,"k":0},"s":{"a":0,"k":[100,100]},"sk":{"a":0,"k":0},"sa":{"a":0,"k":0}},"st":0,"ip":0,"op":1260,"bm":0,"sr":1},{"ty":4,"ddd":0,"ind":23,"hd":false,"nm":"Ellipse 870 (Stroke)","parent":22,"ks":{"a":{"a":0,"k":[0,0]},"p":{"a":0,"k":[0,0]},"s":{"a":0,"k":[100,100]},"sk":{"a":0,"k":0},"sa":{"a":0,"k":0},"r":{"a":0,"k":0},"o":{"a":0,"k":100}},"st":0,"ip":0,"op":1260,"bm":0,"sr":1,"shapes":[{"ty":"gr","nm":"Group","hd":false,"np":3,"it":[{"ty":"sh","nm":"Path","hd":false,"ks":{"a":0,"k":{"c":true,"v":[[58,30],[30,58],[15,73],[0,58],[58,0],[73,15],[58,30],[58,30]],"i":[[0,0],[0,-15.464],[8.2843,0],[0,8.2843],[-32.0325,0],[0,-8.2843],[8.2843,0],[0,0]],"o":[[-15.463970000000003,0],[0,8.284269999999992],[-8.28427,0],[0,-32.03252],[8.284269999999992,0],[0,8.28427],[0,0],[0,0]]}}},{"ty":"gf","o":{"a":0,"k":60},"g":{"p":2,"k":{"a":0,"k":[0,0.9568627450980393,1,1,1,0.9607843137254902,1,1,0,1,1,1]}},"s":{"a":0,"k":[109.4999989122271,36.500003263319094]},"e":{"a":0,"k":[36.500001087773164,109.50000543886516]},"t":1,"nm":"Fill","hd":false,"r":2},{"ty":"tr","a":{"a":0,"k":[0,0]},"p":{"a":0,"k":[0,0]},"s":{"a":0,"k":[100,100]},"sk":{"a":0,"k":0},"sa":{"a":0,"k":0},"r":{"a":0,"k":0},"o":{"a":0,"k":100}}]}]},{"ty":3,"ddd":0,"ind":24,"hd":false,"nm":"Ellipse 871 - Null","parent":52,"ks":{"a":{"a":0,"k":[0,0]},"o":{"a":0,"k":100},"p":{"a":0,"k":[20,20]},"r":{"a":0,"k":0},"s":{"a":0,"k":[100,100]},"sk":{"a":0,"k":0},"sa":{"a":0,"k":0}},"st":0,"ip":0,"op":1260,"bm":0,"sr":1},{"ty":4,"ddd":0,"ind":25,"hd":false,"nm":"Ellipse 871","parent":24,"ks":{"a":{"a":0,"k":[0,0]},"p":{"a":0,"k":[0,0]},"s":{"a":0,"k":[100,100]},"sk":{"a":0,"k":0},"sa":{"a":0,"k":0},"r":{"a":0,"k":0},"o":{"a":0,"k":100}},"st":0,"ip":0,"op":1260,"bm":0,"sr":1,"shapes":[{"ty":"gr","nm":"Group","hd":false,"np":3,"it":[{"ty":"sh","nm":"Path","hd":false,"ks":{"a":0,"k":{"c":true,"v":[[140,70],[70,140],[0,70],[70,0],[140,70],[140,70]],"i":[[0,0],[38.661,0],[0,38.661],[-38.661,0],[0,-38.661],[0,0]],"o":[[0,38.661],[-38.661,0],[0,-38.661],[38.661,0],[0,0],[0,0]]}}},{"ty":"fl","o":{"a":0,"k":60},"c":{"a":0,"k":[0.8,0.9137254901960784,1,1]},"nm":"Fill","hd":false,"r":1},{"ty":"tr","a":{"a":0,"k":[0,0]},"p":{"a":0,"k":[0,0]},"s":{"a":0,"k":[100,100]},"sk":{"a":0,"k":0},"sa":{"a":0,"k":0},"r":{"a":0,"k":0},"o":{"a":0,"k":100}}]}]},{"ty":3,"ddd":0,"ind":26,"hd":false,"nm":"Ellipse 868 (Stroke) - Null","parent":52,"ks":{"a":{"a":0,"k":[0,0]},"o":{"a":0,"k":100},"p":{"a":0,"k":[0,0]},"r":{"a":0,"k":0},"s":{"a":0,"k":[100,100]},"sk":{"a":0,"k":0},"sa":{"a":0,"k":0}},"st":0,"ip":0,"op":1260,"bm":0,"sr":1},{"ty":4,"ddd":0,"ind":27,"hd":false,"nm":"Ellipse 868 (Stroke)","parent":26,"ks":{"a":{"a":0,"k":[0,0]},"p":{"a":0,"k":[0,0]},"s":{"a":0,"k":[100,100]},"sk":{"a":0,"k":0},"sa":{"a":0,"k":0},"r":{"a":0,"k":0},"o":{"a":0,"k":100}},"st":0,"ip":0,"op":1260,"bm":0,"sr":1,"shapes":[{"ty":"gr","nm":"Group","hd":false,"np":4,"it":[{"ty":"sh","nm":"Path","hd":false,"ks":{"a":0,"k":{"c":true,"v":[[90,160],[160,90],[90,20],[20,90],[90,160],[90,160]],"i":[[0,0],[0,38.6599],[38.6599,0],[0,-38.6599],[-38.6599,0],[0,0]],"o":[[38.65993,0],[0,-38.65993],[-38.65993,0],[0,38.65993],[0,0],[0,0]]}}},{"ty":"sh","nm":"Path","hd":false,"ks":{"a":0,"k":{"c":true,"v":[[90,180],[180,90],[90,0],[0,90],[90,180],[90,180]],"i":[[0,0],[0,49.7056],[49.7056,0],[0,-49.7056],[-49.7056,0],[0,0]],"o":[[49.705629999999985,0],[0,-49.70563],[-49.70563,0],[0,49.705629999999985],[0,0],[0,0]]}}},{"ty":"gf","o":{"a":0,"k":100},"g":{"p":2,"k":{"a":0,"k":[0,0.38823529411764707,0.6823529411764706,1,1,0.25882352941176473,0.4980392156862745,1,0,1,1,1]}},"s":{"a":0,"k":[180,0]},"e":{"a":0,"k":[180,180]},"t":1,"nm":"Fill","hd":false,"r":2},{"ty":"tr","a":{"a":0,"k":[0,0]},"p":{"a":0,"k":[0,0]},"s":{"a":0,"k":[100,100]},"sk":{"a":0,"k":0},"sa":{"a":0,"k":0},"r":{"a":0,"k":0},"o":{"a":0,"k":100}}]}]},{"ty":3,"ddd":0,"ind":28,"hd":false,"nm":"Rectangle 346241065 - Null","parent":52,"ks":{"a":{"a":0,"k":[0,0]},"o":{"a":0,"k":100},"p":{"a":0,"k":[144,156.6064]},"r":{"a":0,"k":-45},"s":{"a":0,"k":[100,100]},"sk":{"a":0,"k":0},"sa":{"a":0,"k":0}},"st":0,"ip":0,"op":1260,"bm":0,"sr":1},{"ty":4,"ddd":0,"ind":29,"hd":false,"nm":"Rectangle 346241065","parent":28,"ks":{"a":{"a":0,"k":[0,0]},"p":{"a":0,"k":[0,0]},"s":{"a":0,"k":[100,100]},"sk":{"a":0,"k":0},"sa":{"a":0,"k":0},"r":{"a":0,"k":0},"o":{"a":0,"k":100}},"st":0,"ip":0,"op":1260,"bm":0,"sr":1,"shapes":[{"ty":"gr","nm":"Group","hd":false,"np":3,"it":[{"ty":"sh","nm":"Path","hd":false,"ks":{"a":0,"k":{"c":true,"v":[[0,0],[15,0],[15,0],[15,26],[15,26],[0,26],[0,26],[0,0]],"i":[[0,0],[0,0],[0,0],[0,0],[0,0],[0,0],[0,0],[0,0]],"o":[[0,0],[0,0],[0,0],[0,0],[0,0],[0,0],[0,0],[0,0]]}}},{"ty":"gf","o":{"a":0,"k":100},"g":{"p":2,"k":{"a":0,"k":[0,0.6666666666666666,0.8274509803921568,1,1,0.45098039215686275,0.6274509803921569,1,0,1,1,1]}},"s":{"a":0,"k":[15,0]},"e":{"a":0,"k":[15,26]},"t":1,"nm":"Fill","hd":false,"r":1},{"ty":"tr","a":{"a":0,"k":[0,0]},"p":{"a":0,"k":[0,0]},"s":{"a":0,"k":[100,100]},"sk":{"a":0,"k":0},"sa":{"a":0,"k":0},"r":{"a":0,"k":0},"o":{"a":0,"k":100}}]}]}]},{"nm":"[GROUP] Subtract - Null / Subtract / Subtract / Subtract - Null / Subtract - Stroke / Subtract / Vector 6728 - Null / Vector 6728","fr":60,"id":"ll692m7rojwvvvi4vjo","layers":[{"ty":3,"ddd":0,"ind":30,"hd":false,"nm":"bg - Null","ks":{"a":{"a":0,"k":[0,0]},"o":{"a":0,"k":100},"p":{"a":0,"k":[0,0]},"r":{"a":0,"k":0},"s":{"a":0,"k":[100,100]},"sk":{"a":0,"k":0},"sa":{"a":0,"k":0}},"st":0,"ip":0,"op":480,"bm":0,"sr":1},{"ty":3,"ddd":0,"ind":31,"hd":false,"nm":"Group 1410101557 - Null","parent":30,"ks":{"a":{"a":0,"k":[0,0]},"o":{"a":0,"k":100},"p":{"a":0,"k":[177,162.5]},"r":{"a":0,"k":0},"s":{"a":0,"k":[100,100]},"sk":{"a":0,"k":0},"sa":{"a":0,"k":0}},"st":0,"ip":0,"op":480,"bm":0,"sr":1},{"ty":3,"ddd":0,"ind":32,"hd":false,"nm":"Group 1410101556 - Null","parent":31,"ks":{"a":{"a":0,"k":[0,0]},"o":{"a":0,"k":100},"p":{"a":0,"k":[0,0]},"r":{"a":0,"k":0},"s":{"a":0,"k":[100,100]},"sk":{"a":0,"k":0},"sa":{"a":0,"k":0}},"st":0,"ip":0,"op":480,"bm":0,"sr":1},{"ty":3,"ddd":0,"ind":33,"hd":false,"nm":"Subtract - Null","parent":32,"ks":{"a":{"a":0,"k":[0,0]},"o":{"a":0,"k":100},"p":{"a":0,"k":[301.6904,38.5]},"r":{"a":0,"k":0},"s":{"a":0,"k":[100,100]},"sk":{"a":0,"k":0},"sa":{"a":0,"k":0}},"st":0,"ip":0,"op":480,"bm":0,"sr":1},{"ty":4,"ddd":0,"ind":34,"hd":false,"nm":"Subtract","parent":33,"ks":{"a":{"a":0,"k":[0,0]},"p":{"a":0,"k":[0,0]},"s":{"a":0,"k":[100,100]},"sk":{"a":0,"k":0},"sa":{"a":0,"k":0},"r":{"a":0,"k":0},"o":{"a":0,"k":100}},"st":0,"ip":0,"op":480,"bm":0,"sr":1,"shapes":[{"ty":"gr","nm":"Group","hd":false,"np":4,"it":[{"ty":"sh","nm":"Path","hd":false,"ks":{"a":0,"k":{"c":true,"v":[[0.3096,95],[59.3096,95],[59.3096,32],[26.8096,2.5],[0.3096,45],[0.3096,95]],"i":[[0,0],[0,0],[0,0],[24.7998,0],[-1.5,-14.167],[0,0]],"o":[[0,0],[0,0],[-0.5,-9.833010000000002],[-24.7998,0],[0,0],[0,0]]}}},{"ty":"sh","nm":"Path","hd":false,"ks":{"a":0,"k":{"c":true,"v":[[59.3096,2.5],[59.3096,0],[59.2622,0],[59.3096,2.5],[59.3096,2.5]],"i":[[0,0],[0,0],[0,0],[0,-0.8496],[0,0]],"o":[[0,0],[0,0],[0.03125,0.81738],[0,0],[0,0]]}}},{"ty":"gf","o":{"a":0,"k":100},"g":{"p":2,"k":{"a":0,"k":[0,0.6666666666666666,0.8274509803921568,1,1,0.45098039215686275,0.6274509803921569,1,0,1,1,1]}},"s":{"a":0,"k":[59.3096,-5.817072549779547e-15]},"e":{"a":0,"k":[59.3096,94.99999999999999]},"t":1,"nm":"Fill","hd":false,"r":1},{"ty":"tr","a":{"a":0,"k":[0,0]},"p":{"a":0,"k":[0,0]},"s":{"a":0,"k":[100,100]},"sk":{"a":0,"k":0},"sa":{"a":0,"k":0},"r":{"a":0,"k":0},"o":{"a":0,"k":100}}]}]},{"ty":4,"ddd":0,"ind":35,"hd":false,"nm":"Subtract","parent":33,"ks":{"a":{"a":0,"k":[0,0]},"p":{"a":0,"k":[0,0]},"s":{"a":0,"k":[100,100]},"sk":{"a":0,"k":0},"sa":{"a":0,"k":0},"r":{"a":0,"k":0},"o":{"a":0,"k":100}},"st":0,"ip":0,"op":480,"bm":0,"sr":1,"shapes":[{"ty":"gr","nm":"Group","hd":false,"np":4,"it":[{"ty":"sh","nm":"Path","hd":false,"ks":{"a":0,"k":{"c":true,"v":[[0.3096,95],[59.3096,95],[59.3096,32],[26.8096,2.5],[0.3096,45],[0.3096,95]],"i":[[0,0],[0,0],[0,0],[24.7998,0],[-1.5,-14.167],[0,0]],"o":[[0,0],[0,0],[-0.5,-9.833010000000002],[-24.7998,0],[0,0],[0,0]]}}},{"ty":"sh","nm":"Path","hd":false,"ks":{"a":0,"k":{"c":true,"v":[[59.3096,2.5],[59.3096,0],[59.2622,0],[59.3096,2.5],[59.3096,2.5]],"i":[[0,0],[0,0],[0,0],[0,-0.8496],[0,0]],"o":[[0,0],[0,0],[0.03125,0.81738],[0,0],[0,0]]}}},{"ty":"gf","o":{"a":0,"k":100},"g":{"p":2,"k":{"a":0,"k":[0,0.6901960784313725,0.8156862745098039,1,1,0.8862745098039215,0.9294117647058824,1,0,1,1,1]}},"s":{"a":0,"k":[59.3096,0]},"e":{"a":0,"k":[59.3096,95]},"t":1,"nm":"Fill","hd":false,"r":1},{"ty":"tr","a":{"a":0,"k":[0,0]},"p":{"a":0,"k":[0,0]},"s":{"a":0,"k":[100,100]},"sk":{"a":0,"k":0},"sa":{"a":0,"k":0},"r":{"a":0,"k":0},"o":{"a":0,"k":100}}]}]},{"ty":3,"ddd":0,"ind":36,"hd":false,"nm":"Subtract - Null","parent":32,"ks":{"a":{"a":0,"k":[0,0]},"o":{"a":0,"k":100},"p":{"a":0,"k":[40,0]},"r":{"a":0,"k":0},"s":{"a":0,"k":[100,100]},"sk":{"a":0,"k":0},"sa":{"a":0,"k":0}},"st":0,"ip":0,"op":480,"bm":0,"sr":1},{"ddd":0,"ind":37,"hd":false,"nm":"Subtract - Stroke","parent":36,"ks":{"a":{"a":0,"k":[0,0]},"p":{"a":0,"k":[0,0]},"s":{"a":0,"k":[100,100]},"sk":{"a":0,"k":0},"sa":{"a":0,"k":0},"r":{"a":0,"k":0},"o":{"a":0,"k":100}},"st":0,"ip":0,"op":480,"bm":0,"sr":1,"ty":4,"shapes":[{"ty":"gr","nm":"Group","hd":false,"np":4,"it":[{"ty":"sh","nm":"Path","hd":false,"ks":{"a":0,"k":{"c":true,"v":[[0,307.5],[0,47],[42,0],[288.5,0],[321,41],[321,70.5],[288.5,41],[262,83.5],[262,312.0795],[261.9489,307.5],[223.1619,365.8314],[197.1403,338.1743],[197.1403,307.5],[0,307.5]],"i":[[0,0],[0,0],[-29.6,0],[0,0],[0,-31.2],[0,0],[24.8,0],[-1.5,-14.1667],[0,0],[0.0328,1.4547],[28.4765,0],[-0.8183,9.2191],[0,0],[0,0]],"o":[[0,0],[1.66667,-15.66667],[0,0],[10.833340000000021,0.66667],[0,0],[-0.5,-9.833330000000004],[-24.79998999999998,0],[0,0],[-0.0005800000000135697,-1.5945100000000139],[0,29.66858000000002],[-22.781170000000003,0],[0,0],[0,0],[0,0]]}}},{"ty":"sh","nm":"Path","hd":false,"ks":{"a":0,"k":{"c":true,"v":[[261.9983,313.0408],[262,313],[262,312.2454],[261.9983,313.0408],[261.9983,313.0408]],"i":[[0,0],[0,0],[0,0],[0.001,-0.2668],[0,0]],"o":[[0,0],[0,0],[-0.00009000000000014552,0.2633999999999901],[0,0],[0,0]]}}},{"ty":"gs","o":{"a":0,"k":60.00000238418579},"w":{"a":0,"k":2},"g":{"p":2,"k":{"a":0,"k":[0,1,1,1,1,1,1,1,0,1,1,0]}},"s":{"a":0,"k":[125.4840836310459,-10.491018427523448]},"e":{"a":0,"k":[324.437199935875,195.50215475382828]},"t":1,"lc":2,"lj":1,"ml":0,"nm":"Stroke","hd":false},{"ty":"tr","a":{"a":0,"k":[0,0]},"p":{"a":0,"k":[0,0]},"s":{"a":0,"k":[100,100]},"sk":{"a":0,"k":0},"sa":{"a":0,"k":0},"r":{"a":0,"k":0},"o":{"a":0,"k":100}}]},{"ty":"gr","nm":"Group","hd":false,"np":3,"it":[{"ty":"rc","nm":"Rectangle","hd":false,"p":{"a":0,"k":[161.5,183.9157]},"s":{"a":0,"k":[646,735.6628]},"r":{"a":0,"k":0}},{"ty":"fl","o":{"a":0,"k":0},"c":{"a":0,"k":[0,1,0,1]},"nm":"Fill","hd":false,"r":1},{"ty":"tr","a":{"a":0,"k":[0,0]},"p":{"a":0,"k":[0,0]},"s":{"a":0,"k":[100,100]},"sk":{"a":0,"k":0},"sa":{"a":0,"k":0},"r":{"a":0,"k":0},"o":{"a":0,"k":100}}]}]},{"ty":4,"ddd":0,"ind":38,"hd":false,"nm":"Subtract","parent":36,"ks":{"a":{"a":0,"k":[0,0]},"p":{"a":0,"k":[0,0]},"s":{"a":0,"k":[100,100]},"sk":{"a":0,"k":0},"sa":{"a":0,"k":0},"r":{"a":0,"k":0},"o":{"a":0,"k":100}},"st":0,"ip":0,"op":480,"bm":0,"sr":1,"shapes":[{"ty":"gr","nm":"Group","hd":false,"np":4,"it":[{"ty":"sh","nm":"Path","hd":false,"ks":{"a":0,"k":{"c":true,"v":[[0,307.5],[0,47],[42,0],[288.5,0],[321,41],[321,70.5],[288.5,41],[262,83.5],[262,312.0795],[261.9489,307.5],[223.1619,365.8314],[197.1403,338.1743],[197.1403,307.5],[0,307.5]],"i":[[0,0],[0,0],[-29.6,0],[0,0],[0,-31.2],[0,0],[24.8,0],[-1.5,-14.1667],[0,0],[0.0328,1.4547],[28.4765,0],[-0.8183,9.2191],[0,0],[0,0]],"o":[[0,0],[1.66667,-15.66667],[0,0],[10.833340000000021,0.66667],[0,0],[-0.5,-9.833330000000004],[-24.79998999999998,0],[0,0],[-0.0005800000000135697,-1.5945100000000139],[0,29.66858000000002],[-22.781170000000003,0],[0,0],[0,0],[0,0]]}}},{"ty":"sh","nm":"Path","hd":false,"ks":{"a":0,"k":{"c":true,"v":[[261.9983,313.0408],[262,313],[262,312.2454],[261.9983,313.0408],[261.9983,313.0408]],"i":[[0,0],[0,0],[0,0],[0.001,-0.2668],[0,0]],"o":[[0,0],[0,0],[-0.00009000000000014552,0.2633999999999901],[0,0],[0,0]]}}},{"ty":"gf","o":{"a":0,"k":100},"g":{"p":2,"k":{"a":0,"k":[0,0.8392156862745098,0.9098039215686274,0.9921568627450981,1,0.5137254901960784,0.6862745098039216,1,0,1,1,1]}},"s":{"a":0,"k":[321,0]},"e":{"a":0,"k":[321,365.8314]},"t":1,"nm":"Fill","hd":false,"r":1},{"ty":"tr","a":{"a":0,"k":[0,0]},"p":{"a":0,"k":[0,0]},"s":{"a":0,"k":[100,100]},"sk":{"a":0,"k":0},"sa":{"a":0,"k":0},"r":{"a":0,"k":0},"o":{"a":0,"k":100}}]}]},{"ty":3,"ddd":0,"ind":39,"hd":false,"nm":"Vector 6728 - Null","parent":32,"ks":{"a":{"a":0,"k":[0,0]},"o":{"a":0,"k":100},"p":{"a":0,"k":[0,307.5]},"r":{"a":0,"k":0},"s":{"a":0,"k":[100,100]},"sk":{"a":0,"k":0},"sa":{"a":0,"k":0}},"st":0,"ip":0,"op":480,"bm":0,"sr":1},{"ty":4,"ddd":0,"ind":40,"hd":false,"nm":"Vector 6728","parent":39,"ks":{"a":{"a":0,"k":[0,0]},"p":{"a":0,"k":[0,0]},"s":{"a":0,"k":[100,100]},"sk":{"a":0,"k":0},"sa":{"a":0,"k":0},"r":{"a":0,"k":0},"o":{"a":0,"k":100}},"st":0,"ip":0,"op":480,"bm":0,"sr":1,"shapes":[{"ty":"gr","nm":"Group","hd":false,"np":3,"it":[{"ty":"sh","nm":"Path","hd":false,"ks":{"a":0,"k":{"c":true,"v":[[0,0],[0,53.3029],[26.0216,88],[270.5265,88],[301.9488,0],[263.1619,58.3314],[237.1403,30.6743],[237.1403,0],[0,0]],"i":[[0,0],[0,0],[-17.6751,0],[0,0],[0.6546,28.9981],[28.4765,0],[-0.8183,9.219],[0,0],[0,0]],"o":[[0,0],[0,15.085709999999999],[0,0],[26.708970000000022,0],[0,29.66857],[-22.781180000000006,0],[0,0],[0,0],[0,0]]}}},{"ty":"gf","o":{"a":0,"k":100},"g":{"p":2,"k":{"a":0,"k":[0,0.8117647058823529,0.9019607843137255,1,1,0.5490196078431373,0.6980392156862745,1,0,1,1,1]}},"s":{"a":0,"k":[302,0]},"e":{"a":0,"k":[302,88]},"t":1,"nm":"Fill","hd":false,"r":1},{"ty":"tr","a":{"a":0,"k":[0,0]},"p":{"a":0,"k":[0,0]},"s":{"a":0,"k":[100,100]},"sk":{"a":0,"k":0},"sa":{"a":0,"k":0},"r":{"a":0,"k":0},"o":{"a":0,"k":100}}]}]}]},{"nm":"[GROUP] Group 1410101556","fr":60,"id":"ll692m7r2nkmn2r5meg","layers":[{"ty":3,"ddd":0,"ind":41,"hd":false,"nm":"bg - Null","ks":{"a":{"a":0,"k":[0,0]},"o":{"a":0,"k":100},"p":{"a":0,"k":[0,0]},"r":{"a":0,"k":0},"s":{"a":0,"k":[100,100]},"sk":{"a":0,"k":0},"sa":{"a":0,"k":0}},"st":0,"ip":0,"op":480,"bm":0,"sr":1},{"ty":3,"ddd":0,"ind":42,"hd":false,"nm":"Group 1410101557 - Null","parent":41,"ks":{"a":{"a":0,"k":[0,0]},"o":{"a":0,"k":100},"p":{"a":0,"k":[177,162.5]},"r":{"a":0,"k":0},"s":{"a":0,"k":[100,100]},"sk":{"a":0,"k":0},"sa":{"a":0,"k":0}},"st":0,"ip":0,"op":480,"bm":0,"sr":1},{"ddd":0,"ind":43,"ty":0,"nm":"Group 1410101556","refId":"ll692m7rojwvvvi4vjo","sr":1,"ks":{"a":{"a":0,"k":[0,0]},"p":{"a":0,"k":[0,0]},"s":{"a":0,"k":[100,100]},"sk":{"a":0,"k":0},"sa":{"a":0,"k":0},"r":{"a":0,"k":0},"o":{"a":0,"k":100}},"ao":0,"w":760,"h":600,"ip":0,"op":480,"st":0,"hd":false,"bm":0}]},{"nm":"[GROUP] Group 1410101557 / Intersect - Null / Intersect / Rectangle 346241063 - Null / Rectangle 346241063","fr":60,"id":"ll692m7r829eoh9ouue","layers":[{"ty":3,"ddd":0,"ind":44,"hd":false,"nm":"bg - Null","ks":{"a":{"a":0,"k":[0,0]},"o":{"a":0,"k":100},"p":{"a":0,"k":[0,0]},"r":{"a":0,"k":0},"s":{"a":0,"k":[100,100]},"sk":{"a":0,"k":0},"sa":{"a":0,"k":0}},"st":0,"ip":0,"op":480,"bm":0,"sr":1},{"ddd":0,"ind":45,"ty":0,"nm":"Group 1410101557","refId":"ll692m7r2nkmn2r5meg","sr":1,"ks":{"a":{"a":0,"k":[0,0]},"p":{"a":0,"k":[0,0]},"s":{"a":0,"k":[100,100]},"sk":{"a":0,"k":0},"sa":{"a":0,"k":0},"r":{"a":0,"k":0},"o":{"a":0,"k":100}},"ao":0,"w":760,"h":600,"ip":0,"op":480,"st":0,"hd":false,"bm":0},{"ty":3,"ddd":0,"ind":46,"hd":false,"nm":"Intersect - Null","parent":44,"ks":{"a":{"a":0,"k":[0,0]},"o":{"a":0,"k":100},"p":{"a":0,"k":[0,445]},"r":{"a":0,"k":0},"s":{"a":0,"k":[100,100]},"sk":{"a":0,"k":0},"sa":{"a":0,"k":0}},"st":0,"ip":0,"op":480,"bm":0,"sr":1},{"ty":4,"ddd":0,"ind":47,"hd":false,"nm":"Intersect","parent":46,"ks":{"a":{"a":0,"k":[0,0]},"p":{"a":0,"k":[0,0]},"s":{"a":0,"k":[100,100]},"sk":{"a":0,"k":0},"sa":{"a":0,"k":0},"r":{"a":0,"k":0},"o":{"a":0,"k":100}},"st":0,"ip":0,"op":480,"bm":0,"sr":1,"shapes":[{"ty":"gr","nm":"Group","hd":false,"np":3,"it":[{"ty":"sh","nm":"Path","hd":false,"ks":{"a":0,"k":{"c":true,"v":[[35.3965,155],[0,109],[380,0],[760,109],[724.6035,155],[35.3965,155]],"i":[[0,0],[0,16.4365],[-209.8682,0],[0,-60.1992],[22.7129,-13.9756],[0,0]],"o":[[-22.71289,-13.975590000000011],[0,-60.19922],[209.86816,0],[0,16.43652],[0,0],[0,0]]}}},{"ty":"gf","o":{"a":0,"k":100},"g":{"p":2,"k":{"a":0,"k":[0,0.6666666666666666,0.8274509803921568,1,1,0.9490196078431372,0.9647058823529412,0.984313725490196,0,1,1,0]}},"s":{"a":0,"k":[760,0]},"e":{"a":0,"k":[760,155]},"t":1,"nm":"Fill","hd":false,"r":1},{"ty":"tr","a":{"a":0,"k":[0,0]},"p":{"a":0,"k":[0,0]},"s":{"a":0,"k":[100,100]},"sk":{"a":0,"k":0},"sa":{"a":0,"k":0},"r":{"a":0,"k":0},"o":{"a":0,"k":100}}]}]},{"ty":3,"ddd":0,"ind":48,"hd":false,"nm":"Rectangle 346241063 - Null","parent":44,"ks":{"a":{"a":0,"k":[0,0]},"o":{"a":0,"k":100},"p":{"a":0,"k":[0,0]},"r":{"a":0,"k":0},"s":{"a":0,"k":[100,100]},"sk":{"a":0,"k":0},"sa":{"a":0,"k":0}},"st":0,"ip":0,"op":480,"bm":0,"sr":1},{"ty":4,"ddd":0,"ind":49,"hd":false,"nm":"Rectangle 346241063","parent":48,"ks":{"a":{"a":0,"k":[0,0]},"p":{"a":0,"k":[0,0]},"s":{"a":0,"k":[100,100]},"sk":{"a":0,"k":0},"sa":{"a":0,"k":0},"r":{"a":0,"k":0},"o":{"a":0,"k":100}},"st":0,"ip":0,"op":480,"bm":0,"sr":1,"shapes":[{"ty":"gr","nm":"Group","hd":false,"np":3,"it":[{"ty":"sh","nm":"Path","hd":false,"ks":{"a":0,"k":{"c":true,"v":[[0,0],[760,0],[760,0],[760,600],[760,600],[0,600],[0,600],[0,0]],"i":[[0,0],[0,0],[0,0],[0,0],[0,0],[0,0],[0,0],[0,0]],"o":[[0,0],[0,0],[0,0],[0,0],[0,0],[0,0],[0,0],[0,0]]}}},{"ty":"fl","o":{"a":0,"k":100},"c":{"a":0,"k":[0.9490196078431372,0.9647058823529412,0.984313725490196,1]},"nm":"Fill","hd":false,"r":1},{"ty":"tr","a":{"a":0,"k":[0,0]},"p":{"a":0,"k":[0,0]},"s":{"a":0,"k":[100,100]},"sk":{"a":0,"k":0},"sa":{"a":0,"k":0},"r":{"a":0,"k":0},"o":{"a":0,"k":100}}]}]}]},{"nm":"bg","fr":60,"id":"ll692m6o7eikzmjbny7","layers":[{"ty":3,"ddd":0,"ind":50,"hd":false,"nm":"bg - Null","ks":{"a":{"a":0,"k":[0,0]},"o":{"a":0,"k":100},"p":{"a":0,"k":[0,0]},"r":{"a":0,"k":0},"s":{"a":0,"k":[100,100]},"sk":{"a":0,"k":0},"sa":{"a":0,"k":0}},"st":0,"ip":0,"op":480,"bm":0,"sr":1},{"ty":3,"ddd":0,"ind":51,"hd":false,"nm":"Frame 1410101555 - Null","ks":{"a":{"a":0,"k":[115.0853,116.0852]},"o":{"a":0,"k":100},"p":{"a":1,"k":[{"t":0,"s":[506.0853,458.0852],"o":{"x":[0],"y":[0]},"i":{"x":[1],"y":[1]},"ti":[-16,-9],"to":[0,0]},{"t":30,"s":[532.0853,458.0852],"o":{"x":[0],"y":[0]},"i":{"x":[1],"y":[1]},"ti":[0,0],"to":[12,13]},{"t":60,"s":[532.0853,484.0852],"o":{"x":[0],"y":[0]},"i":{"x":[1],"y":[1]},"ti":[14,11],"to":[0,0]},{"t":90,"s":[506.0853,484.0852],"o":{"x":[0],"y":[0]},"i":{"x":[1],"y":[1]},"ti":[0,0],"to":[-12,-15]},{"t":120,"s":[506.0853,458.0852],"o":{"x":[0.5],"y":[0.35]},"i":{"x":[1],"y":[1]},"ti":[-15,-11],"to":[0,0]},{"t":150,"s":[532.0853,458.0852],"o":{"x":[0],"y":[0]},"i":{"x":[1],"y":[1]},"ti":[0,0],"to":[12,13]},{"t":180,"s":[532.0853,484.0852],"o":{"x":[0],"y":[0]},"i":{"x":[1],"y":[1]},"ti":[14,11],"to":[0,0]},{"t":210,"s":[506.0853,484.0852],"o":{"x":[0],"y":[0]},"i":{"x":[1],"y":[1]},"ti":[0,0],"to":[-12,-16]},{"t":240,"s":[506.0853,458.0852],"o":{"x":[0.5],"y":[0.35]},"i":{"x":[1],"y":[1]},"ti":[-15,-11],"to":[0,0]},{"t":270,"s":[532.0853,458.0852],"o":{"x":[0],"y":[0]},"i":{"x":[1],"y":[1]},"ti":[0,0],"to":[12,13]},{"t":300,"s":[532.0853,484.0852],"o":{"x":[0],"y":[0]},"i":{"x":[1],"y":[1]},"ti":[14,11],"to":[0,0]},{"t":330,"s":[506.0853,484.0852],"o":{"x":[0],"y":[0]},"i":{"x":[1],"y":[1]},"ti":[0,0],"to":[-12,-16]},{"t":360,"s":[506.0853,458.0852],"o":{"x":[0.5],"y":[0.35]},"i":{"x":[1],"y":[1]},"ti":[-15,-11],"to":[0,0]},{"t":390,"s":[532.0853,458.0852],"o":{"x":[0],"y":[0]},"i":{"x":[1],"y":[1]},"ti":[0,0],"to":[12,13]},{"t":420,"s":[532.0853,484.0852],"o":{"x":[0],"y":[0]},"i":{"x":[1],"y":[1]},"ti":[14,11],"to":[0,0]},{"t":450,"s":[506.0853,484.0852],"o":{"x":[0],"y":[0]},"i":{"x":[1],"y":[1]},"ti":[0,0],"to":[-12,-16]},{"t":480,"s":[506.0853,458.0852]}]},"r":{"a":0,"k":0},"s":{"a":0,"k":[100,100]},"sk":{"a":0,"k":0},"sa":{"a":0,"k":0}},"st":0,"ip":0,"op":1260,"bm":0,"sr":1},{"ty":3,"ddd":0,"ind":52,"hd":false,"nm":"Frame 1410101555 - Null","ks":{"a":{"a":0,"k":[115.0853,116.0852]},"o":{"a":0,"k":100},"p":{"a":1,"k":[{"t":0,"s":[506.0853,458.0852],"o":{"x":[0],"y":[0]},"i":{"x":[1],"y":[1]},"ti":[-16,-9],"to":[0,0]},{"t":30,"s":[532.0853,458.0852],"o":{"x":[0],"y":[0]},"i":{"x":[1],"y":[1]},"ti":[0,0],"to":[12,13]},{"t":60,"s":[532.0853,484.0852],"o":{"x":[0],"y":[0]},"i":{"x":[1],"y":[1]},"ti":[14,11],"to":[0,0]},{"t":90,"s":[506.0853,484.0852],"o":{"x":[0],"y":[0]},"i":{"x":[1],"y":[1]},"ti":[0,0],"to":[-12,-15]},{"t":120,"s":[506.0853,458.0852],"o":{"x":[0.5],"y":[0.35]},"i":{"x":[1],"y":[1]},"ti":[-15,-11],"to":[0,0]},{"t":150,"s":[532.0853,458.0852],"o":{"x":[0],"y":[0]},"i":{"x":[1],"y":[1]},"ti":[0,0],"to":[12,13]},{"t":180,"s":[532.0853,484.0852],"o":{"x":[0],"y":[0]},"i":{"x":[1],"y":[1]},"ti":[14,11],"to":[0,0]},{"t":210,"s":[506.0853,484.0852],"o":{"x":[0],"y":[0]},"i":{"x":[1],"y":[1]},"ti":[0,0],"to":[-12,-16]},{"t":240,"s":[506.0853,458.0852],"o":{"x":[0.5],"y":[0.35]},"i":{"x":[1],"y":[1]},"ti":[-15,-11],"to":[0,0]},{"t":270,"s":[532.0853,458.0852],"o":{"x":[0],"y":[0]},"i":{"x":[1],"y":[1]},"ti":[0,0],"to":[12,13]},{"t":300,"s":[532.0853,484.0852],"o":{"x":[0],"y":[0]},"i":{"x":[1],"y":[1]},"ti":[14,11],"to":[0,0]},{"t":330,"s":[506.0853,484.0852],"o":{"x":[0],"y":[0]},"i":{"x":[1],"y":[1]},"ti":[0,0],"to":[-12,-16]},{"t":360,"s":[506.0853,458.0852],"o":{"x":[0.5],"y":[0.35]},"i":{"x":[1],"y":[1]},"ti":[-15,-11],"to":[0,0]},{"t":390,"s":[532.0853,458.0852],"o":{"x":[0],"y":[0]},"i":{"x":[1],"y":[1]},"ti":[0,0],"to":[12,13]},{"t":420,"s":[532.0853,484.0852],"o":{"x":[0],"y":[0]},"i":{"x":[1],"y":[1]},"ti":[14,11],"to":[0,0]},{"t":450,"s":[506.0853,484.0852],"o":{"x":[0],"y":[0]},"i":{"x":[1],"y":[1]},"ti":[0,0],"to":[-12,-16]},{"t":480,"s":[506.0853,458.0852]}]},"r":{"a":0,"k":0},"s":{"a":0,"k":[100,100]},"sk":{"a":0,"k":0},"sa":{"a":0,"k":0}},"st":0,"ip":0,"op":1260,"bm":0,"sr":1},{"ddd":0,"ind":53,"ty":0,"nm":"Frame 1410101555","td":1,"refId":"7073:40245","sr":1,"ks":{"a":{"a":0,"k":[0,0]},"p":{"a":0,"k":[0,0]},"s":{"a":0,"k":[100,100]},"sk":{"a":0,"k":0},"sa":{"a":0,"k":0},"r":{"a":0,"k":0},"o":{"a":0,"k":100}},"ao":0,"w":760,"h":600,"ip":0,"op":480,"st":0,"hd":false,"bm":0},{"ddd":0,"ind":54,"ty":0,"nm":"Frame 1410101555","refId":"ll692m6qx3lbz6dli9l","sr":1,"ks":{"a":{"a":0,"k":[0,0]},"p":{"a":0,"k":[0,0]},"s":{"a":0,"k":[100,100]},"sk":{"a":0,"k":0},"sa":{"a":0,"k":0},"r":{"a":0,"k":0},"o":{"a":0,"k":100}},"ao":0,"w":760,"h":600,"ip":0,"op":480,"st":0,"hd":false,"bm":0,"tt":1},{"ty":3,"ddd":0,"ind":55,"hd":false,"nm":"0 - Null","parent":50,"ks":{"a":{"a":0,"k":[0,0]},"o":{"a":1,"k":[{"t":128.4,"s":[0],"o":{"x":[0],"y":[0]},"i":{"x":[1],"y":[1]}},{"t":180,"s":[100],"o":{"x":[0.5],"y":[0.35]},"i":{"x":[0.15],"y":[1]}},{"t":360,"s":[100],"o":{"x":[0],"y":[0]},"i":{"x":[1],"y":[1]}},{"t":420,"s":[0]}]},"p":{"a":1,"k":[{"t":0,"s":[256,574],"o":{"x":[0],"y":[0]},"i":{"x":[1],"y":[1]},"ti":[0,0],"to":[0,0]},{"t":60,"s":[256,517],"o":{"x":[0],"y":[0]},"i":{"x":[1],"y":[1]},"ti":[0,0],"to":[0,0]},{"t":120,"s":[256,460],"o":{"x":[0],"y":[0]},"i":{"x":[1],"y":[1]},"ti":[0,0],"to":[0,0]},{"t":180,"s":[256,403],"o":{"x":[0],"y":[0]},"i":{"x":[1],"y":[1]},"ti":[0,0],"to":[0,0]},{"t":240,"s":[256,346],"o":{"x":[0],"y":[0]},"i":{"x":[1],"y":[1]},"ti":[0,0],"to":[0,0]},{"t":300,"s":[256,291],"o":{"x":[0],"y":[0]},"i":{"x":[1],"y":[1]},"ti":[0,0],"to":[0,0]},{"t":360,"s":[256,232],"o":{"x":[0],"y":[0]},"i":{"x":[1],"y":[1]},"ti":[0,0],"to":[0,0]},{"t":420,"s":[256,177],"o":{"x":[0],"y":[0]},"i":{"x":[1],"y":[1]},"ti":[0,0],"to":[0,0]},{"t":480,"s":[256,574]}]},"r":{"a":0,"k":0},"s":{"a":0,"k":[100,100]},"sk":{"a":0,"k":0},"sa":{"a":0,"k":0}},"st":0,"ip":0,"op":480,"bm":0,"sr":1},{"ty":4,"ddd":0,"ind":56,"hd":false,"nm":"0","parent":55,"ks":{"a":{"a":0,"k":[0,0]},"p":{"a":0,"k":[0,0]},"s":{"a":0,"k":[100,100]},"sk":{"a":0,"k":0},"sa":{"a":0,"k":0},"r":{"a":0,"k":0},"o":{"a":1,"k":[{"t":128.4,"s":[0],"o":{"x":[0],"y":[0]},"i":{"x":[1],"y":[1]}},{"t":180,"s":[100],"o":{"x":[0.5],"y":[0.35]},"i":{"x":[0.15],"y":[1]}},{"t":360,"s":[100],"o":{"x":[0],"y":[0]},"i":{"x":[1],"y":[1]}},{"t":420,"s":[0]}]}},"st":0,"ip":0,"op":480,"bm":0,"sr":1,"shapes":[{"ty":"gr","nm":"Group","hd":false,"np":3,"it":[{"ty":"sh","nm":"Path","hd":false,"ks":{"a":1,"k":[{"t":180,"s":[{"c":true,"v":[[2,0],[110,0],[112,2],[112,16],[110,18],[2,18],[0,16],[0,2],[2,0],[2,0]],"i":[[0,0],[0,0],[0,-1.1046],[0,0],[1.1046,0],[0,0],[0,1.1046],[0,0],[-1.1046,0],[0,0]],"o":[[0,0],[1.1045699999999954,0],[0,0],[0,1.104569999999999],[0,0],[-1.10457,0],[0,0],[0,-1.10457],[0,0],[0,0]]}],"o":{"x":[0],"y":[0]},"i":{"x":[1],"y":[1]}},{"t":240,"s":[{"c":true,"v":[[2,0],[176,0],[178,2],[178,16],[176,18],[2,18],[0,16],[0,2],[2,0],[2,0]],"i":[[0,0],[0,0],[0,-1.1046],[0,0],[1.1046,0],[0,0],[0,1.1046],[0,0],[-1.1046,0],[0,0]],"o":[[0,0],[1.1045699999999954,0],[0,0],[0,1.104569999999999],[0,0],[-1.10457,0],[0,0],[0,-1.10457],[0,0],[0,0]]}],"o":{"x":[0.5],"y":[0.35]},"i":{"x":[0.15],"y":[1]}},{"t":420,"s":[{"c":true,"v":[[2,0],[176,0],[178,2],[178,16],[176,18],[2,18],[0,16],[0,2],[2,0],[2,0]],"i":[[0,0],[0,0],[0,-1.1046],[0,0],[1.1046,0],[0,0],[0,1.1046],[0,0],[-1.1046,0],[0,0]],"o":[[0,0],[1.1045699999999954,0],[0,0],[0,1.104569999999999],[0,0],[-1.10457,0],[0,0],[0,-1.10457],[0,0],[0,0]]}],"o":{"x":[0],"y":[0]},"i":{"x":[1],"y":[1]}},{"t":480,"s":[{"c":true,"v":[[2,0],[110,0],[112,2],[112,16],[110,18],[2,18],[0,16],[0,2],[2,0],[2,0]],"i":[[0,0],[0,0],[0,-1.1046],[0,0],[1.1046,0],[0,0],[0,1.1046],[0,0],[-1.1046,0],[0,0]],"o":[[0,0],[1.1045699999999954,0],[0,0],[0,1.104569999999999],[0,0],[-1.10457,0],[0,0],[0,-1.10457],[0,0],[0,0]]}]}]}},{"ty":"fl","o":{"a":0,"k":100},"c":{"a":0,"k":[1,1,1,1]},"nm":"Fill","hd":false,"r":1},{"ty":"tr","a":{"a":0,"k":[0,0]},"p":{"a":0,"k":[0,0]},"s":{"a":0,"k":[100,100]},"sk":{"a":0,"k":0},"sa":{"a":0,"k":0},"r":{"a":0,"k":0},"o":{"a":0,"k":100}}]}]},{"ty":3,"ddd":0,"ind":57,"hd":false,"nm":"1 - Null","parent":50,"ks":{"a":{"a":0,"k":[0,0]},"o":{"a":1,"k":[{"t":68.39999999999999,"s":[0],"o":{"x":[0],"y":[0]},"i":{"x":[1],"y":[1]}},{"t":120,"s":[100],"o":{"x":[0.5],"y":[0.35]},"i":{"x":[0.15],"y":[1]}},{"t":300,"s":[100],"o":{"x":[0],"y":[0]},"i":{"x":[1],"y":[1]}},{"t":360,"s":[0]}]},"p":{"a":1,"k":[{"t":0,"s":[256,517],"o":{"x":[0],"y":[0]},"i":{"x":[1],"y":[1]},"ti":[0,0],"to":[0,0]},{"t":60,"s":[256,460],"o":{"x":[0],"y":[0]},"i":{"x":[1],"y":[1]},"ti":[0,0],"to":[0,0]},{"t":120,"s":[256,403],"o":{"x":[0],"y":[0]},"i":{"x":[1],"y":[1]},"ti":[0,0],"to":[0,0]},{"t":180,"s":[256,346],"o":{"x":[0],"y":[0]},"i":{"x":[1],"y":[1]},"ti":[0,0],"to":[0,0]},{"t":240,"s":[256,291],"o":{"x":[0],"y":[0]},"i":{"x":[1],"y":[1]},"ti":[0,0],"to":[0,0]},{"t":300,"s":[256,232],"o":{"x":[0],"y":[0]},"i":{"x":[1],"y":[1]},"ti":[0,0],"to":[0,0]},{"t":360,"s":[256,177],"o":{"x":[0],"y":[0]},"i":{"x":[1],"y":[1]},"ti":[0,0],"to":[0,0]},{"t":420,"s":[256,574],"o":{"x":[0],"y":[0]},"i":{"x":[1],"y":[1]},"ti":[0,0],"to":[0,0]},{"t":480,"s":[256,517]}]},"r":{"a":0,"k":0},"s":{"a":0,"k":[100,100]},"sk":{"a":0,"k":0},"sa":{"a":0,"k":0}},"st":0,"ip":0,"op":480,"bm":0,"sr":1},{"ty":4,"ddd":0,"ind":58,"hd":false,"nm":"1","parent":57,"ks":{"a":{"a":0,"k":[0,0]},"p":{"a":0,"k":[0,0]},"s":{"a":0,"k":[100,100]},"sk":{"a":0,"k":0},"sa":{"a":0,"k":0},"r":{"a":0,"k":0},"o":{"a":1,"k":[{"t":68.39999999999999,"s":[0],"o":{"x":[0],"y":[0]},"i":{"x":[1],"y":[1]}},{"t":120,"s":[100],"o":{"x":[0.5],"y":[0.35]},"i":{"x":[0.15],"y":[1]}},{"t":300,"s":[100],"o":{"x":[0],"y":[0]},"i":{"x":[1],"y":[1]}},{"t":360,"s":[0]}]}},"st":0,"ip":0,"op":480,"bm":0,"sr":1,"shapes":[{"ty":"gr","nm":"Group","hd":false,"np":3,"it":[{"ty":"sh","nm":"Path","hd":false,"ks":{"a":1,"k":[{"t":120,"s":[{"c":true,"v":[[2,0],[110,0],[112,2],[112,16],[110,18],[2,18],[0,16],[0,2],[2,0],[2,0]],"i":[[0,0],[0,0],[0,-1.1046],[0,0],[1.1046,0],[0,0],[0,1.1046],[0,0],[-1.1046,0],[0,0]],"o":[[0,0],[1.1045699999999954,0],[0,0],[0,1.104569999999999],[0,0],[-1.10457,0],[0,0],[0,-1.10457],[0,0],[0,0]]}],"o":{"x":[0],"y":[0]},"i":{"x":[1],"y":[1]}},{"t":180,"s":[{"c":true,"v":[[2,0],[176,0],[178,2],[178,16],[176,18],[2,18],[0,16],[0,2],[2,0],[2,0]],"i":[[0,0],[0,0],[0,-1.1046],[0,0],[1.1046,0],[0,0],[0,1.1046],[0,0],[-1.1046,0],[0,0]],"o":[[0,0],[1.1045699999999954,0],[0,0],[0,1.104569999999999],[0,0],[-1.10457,0],[0,0],[0,-1.10457],[0,0],[0,0]]}],"o":{"x":[0.5],"y":[0.35]},"i":{"x":[0.15],"y":[1]}},{"t":360,"s":[{"c":true,"v":[[2,0],[176,0],[178,2],[178,16],[176,18],[2,18],[0,16],[0,2],[2,0],[2,0]],"i":[[0,0],[0,0],[0,-1.1046],[0,0],[1.1046,0],[0,0],[0,1.1046],[0,0],[-1.1046,0],[0,0]],"o":[[0,0],[1.1045699999999954,0],[0,0],[0,1.104569999999999],[0,0],[-1.10457,0],[0,0],[0,-1.10457],[0,0],[0,0]]}],"o":{"x":[0],"y":[0]},"i":{"x":[1],"y":[1]}},{"t":420,"s":[{"c":true,"v":[[2,0],[110,0],[112,2],[112,16],[110,18],[2,18],[0,16],[0,2],[2,0],[2,0]],"i":[[0,0],[0,0],[0,-1.1046],[0,0],[1.1046,0],[0,0],[0,1.1046],[0,0],[-1.1046,0],[0,0]],"o":[[0,0],[1.1045699999999954,0],[0,0],[0,1.104569999999999],[0,0],[-1.10457,0],[0,0],[0,-1.10457],[0,0],[0,0]]}]}]}},{"ty":"fl","o":{"a":0,"k":100},"c":{"a":0,"k":[1,1,1,1]},"nm":"Fill","hd":false,"r":1},{"ty":"tr","a":{"a":0,"k":[0,0]},"p":{"a":0,"k":[0,0]},"s":{"a":0,"k":[100,100]},"sk":{"a":0,"k":0},"sa":{"a":0,"k":0},"r":{"a":0,"k":0},"o":{"a":0,"k":100}}]}]},{"ty":3,"ddd":0,"ind":59,"hd":false,"nm":"2 - Null","parent":50,"ks":{"a":{"a":0,"k":[0,0]},"o":{"a":1,"k":[{"t":68.39999999999999,"s":[0],"o":{"x":[0],"y":[0]},"i":{"x":[1],"y":[1]}},{"t":120,"s":[100],"o":{"x":[0.5],"y":[0.35]},"i":{"x":[0.15],"y":[1]}},{"t":240,"s":[100],"o":{"x":[0],"y":[0]},"i":{"x":[1],"y":[1]}},{"t":300,"s":[0]}]},"p":{"a":1,"k":[{"t":0,"s":[256,460],"o":{"x":[0],"y":[0]},"i":{"x":[1],"y":[1]},"ti":[0,0],"to":[0,0]},{"t":60,"s":[256,403],"o":{"x":[0],"y":[0]},"i":{"x":[1],"y":[1]},"ti":[0,0],"to":[0,0]},{"t":120,"s":[256,346],"o":{"x":[0],"y":[0]},"i":{"x":[1],"y":[1]},"ti":[0,0],"to":[0,0]},{"t":180,"s":[256,289],"o":{"x":[0],"y":[0]},"i":{"x":[1],"y":[1]},"ti":[0,0],"to":[0,0]},{"t":240,"s":[256,234],"o":{"x":[0],"y":[0]},"i":{"x":[1],"y":[1]},"ti":[0,0],"to":[0,0]},{"t":300,"s":[256,175],"o":{"x":[0],"y":[0]},"i":{"x":[1],"y":[1]},"ti":[0,0],"to":[0,0]},{"t":360,"s":[256,574],"o":{"x":[0],"y":[0]},"i":{"x":[1],"y":[1]},"ti":[0,0],"to":[0,0]},{"t":420,"s":[256,517],"o":{"x":[0],"y":[0]},"i":{"x":[1],"y":[1]},"ti":[0,0],"to":[0,0]},{"t":480,"s":[256,460]}]},"r":{"a":0,"k":0},"s":{"a":0,"k":[100,100]},"sk":{"a":0,"k":0},"sa":{"a":0,"k":0}},"st":0,"ip":0,"op":480,"bm":0,"sr":1},{"ty":4,"ddd":0,"ind":60,"hd":false,"nm":"2","parent":59,"ks":{"a":{"a":0,"k":[0,0]},"p":{"a":0,"k":[0,0]},"s":{"a":0,"k":[100,100]},"sk":{"a":0,"k":0},"sa":{"a":0,"k":0},"r":{"a":0,"k":0},"o":{"a":1,"k":[{"t":68.39999999999999,"s":[0],"o":{"x":[0],"y":[0]},"i":{"x":[1],"y":[1]}},{"t":120,"s":[100],"o":{"x":[0.5],"y":[0.35]},"i":{"x":[0.15],"y":[1]}},{"t":240,"s":[100],"o":{"x":[0],"y":[0]},"i":{"x":[1],"y":[1]}},{"t":300,"s":[0]}]}},"st":0,"ip":0,"op":480,"bm":0,"sr":1,"shapes":[{"ty":"gr","nm":"Group","hd":false,"np":3,"it":[{"ty":"sh","nm":"Path","hd":false,"ks":{"a":1,"k":[{"t":60,"s":[{"c":true,"v":[[2,0],[110,0],[112,2],[112,16],[110,18],[2,18],[0,16],[0,2],[2,0],[2,0]],"i":[[0,0],[0,0],[0,-1.1046],[0,0],[1.1046,0],[0,0],[0,1.1046],[0,0],[-1.1046,0],[0,0]],"o":[[0,0],[1.1045699999999954,0],[0,0],[0,1.104569999999999],[0,0],[-1.10457,0],[0,0],[0,-1.10457],[0,0],[0,0]]}],"o":{"x":[0],"y":[0]},"i":{"x":[1],"y":[1]}},{"t":120,"s":[{"c":true,"v":[[2,0],[176,0],[178,2],[178,16],[176,18],[2,18],[0,16],[0,2],[2,0],[2,0]],"i":[[0,0],[0,0],[0,-1.1046],[0,0],[1.1046,0],[0,0],[0,1.1046],[0,0],[-1.1046,0],[0,0]],"o":[[0,0],[1.1045699999999954,0],[0,0],[0,1.104569999999999],[0,0],[-1.10457,0],[0,0],[0,-1.10457],[0,0],[0,0]]}],"o":{"x":[0.5],"y":[0.35]},"i":{"x":[0.15],"y":[1]}},{"t":360,"s":[{"c":true,"v":[[2,0],[176,0],[178,2],[178,16],[176,18],[2,18],[0,16],[0,2],[2,0],[2,0]],"i":[[0,0],[0,0],[0,-1.1046],[0,0],[1.1046,0],[0,0],[0,1.1046],[0,0],[-1.1046,0],[0,0]],"o":[[0,0],[1.1045699999999954,0],[0,0],[0,1.104569999999999],[0,0],[-1.10457,0],[0,0],[0,-1.10457],[0,0],[0,0]]}],"o":{"x":[0],"y":[0]},"i":{"x":[1],"y":[1]}},{"t":420,"s":[{"c":true,"v":[[2,0],[110,0],[112,2],[112,16],[110,18],[2,18],[0,16],[0,2],[2,0],[2,0]],"i":[[0,0],[0,0],[0,-1.1046],[0,0],[1.1046,0],[0,0],[0,1.1046],[0,0],[-1.1046,0],[0,0]],"o":[[0,0],[1.1045699999999954,0],[0,0],[0,1.104569999999999],[0,0],[-1.10457,0],[0,0],[0,-1.10457],[0,0],[0,0]]}]}]}},{"ty":"fl","o":{"a":0,"k":100},"c":{"a":0,"k":[1,1,1,1]},"nm":"Fill","hd":false,"r":1},{"ty":"tr","a":{"a":0,"k":[0,0]},"p":{"a":0,"k":[0,0]},"s":{"a":0,"k":[100,100]},"sk":{"a":0,"k":0},"sa":{"a":0,"k":0},"r":{"a":0,"k":0},"o":{"a":0,"k":100}}]}]},{"ty":3,"ddd":0,"ind":61,"hd":false,"nm":"3 - Null","parent":50,"ks":{"a":{"a":0,"k":[0,0]},"o":{"a":1,"k":[{"t":180,"s":[100],"o":{"x":[0],"y":[0]},"i":{"x":[1],"y":[1]}},{"t":240,"s":[0],"o":{"x":[0.5],"y":[0.35]},"i":{"x":[0.15],"y":[1]}},{"t":428.4,"s":[0],"o":{"x":[0],"y":[0]},"i":{"x":[1],"y":[1]}},{"t":480,"s":[100]}]},"p":{"a":1,"k":[{"t":0,"s":[256,403],"o":{"x":[0],"y":[0]},"i":{"x":[1],"y":[1]},"ti":[0,0],"to":[0,0]},{"t":60,"s":[256,346],"o":{"x":[0],"y":[0]},"i":{"x":[1],"y":[1]},"ti":[0,0],"to":[0,0]},{"t":120,"s":[256,291],"o":{"x":[0],"y":[0]},"i":{"x":[1],"y":[1]},"ti":[0,0],"to":[0,0]},{"t":180,"s":[256,232],"o":{"x":[0],"y":[0]},"i":{"x":[1],"y":[1]},"ti":[0,0],"to":[0,0]},{"t":240,"s":[256,177],"o":{"x":[0],"y":[0]},"i":{"x":[1],"y":[1]},"ti":[0,0],"to":[0,0]},{"t":300,"s":[256,574],"o":{"x":[0],"y":[0]},"i":{"x":[1],"y":[1]},"ti":[0,0],"to":[0,0]},{"t":360,"s":[256,517],"o":{"x":[0],"y":[0]},"i":{"x":[1],"y":[1]},"ti":[0,0],"to":[0,0]},{"t":420,"s":[256,460],"o":{"x":[0],"y":[0]},"i":{"x":[1],"y":[1]},"ti":[0,0],"to":[0,0]},{"t":480,"s":[256,403]}]},"r":{"a":0,"k":0},"s":{"a":0,"k":[100,100]},"sk":{"a":0,"k":0},"sa":{"a":0,"k":0}},"st":0,"ip":0,"op":480,"bm":0,"sr":1},{"ty":4,"ddd":0,"ind":62,"hd":false,"nm":"3","parent":61,"ks":{"a":{"a":0,"k":[0,0]},"p":{"a":0,"k":[0,0]},"s":{"a":0,"k":[100,100]},"sk":{"a":0,"k":0},"sa":{"a":0,"k":0},"r":{"a":0,"k":0},"o":{"a":1,"k":[{"t":180,"s":[100],"o":{"x":[0],"y":[0]},"i":{"x":[1],"y":[1]}},{"t":240,"s":[0],"o":{"x":[0.5],"y":[0.35]},"i":{"x":[0.15],"y":[1]}},{"t":428.4,"s":[0],"o":{"x":[0],"y":[0]},"i":{"x":[1],"y":[1]}},{"t":480,"s":[100]}]}},"st":0,"ip":0,"op":480,"bm":0,"sr":1,"shapes":[{"ty":"gr","nm":"Group","hd":false,"np":3,"it":[{"ty":"sh","nm":"Path","hd":false,"ks":{"a":1,"k":[{"t":0,"s":[{"c":true,"v":[[2,0],[110,0],[112,2],[112,16],[110,18],[2,18],[0,16],[0,2],[2,0],[2,0]],"i":[[0,0],[0,0],[0,-1.1046],[0,0],[1.1046,0],[0,0],[0,1.1046],[0,0],[-1.1046,0],[0,0]],"o":[[0,0],[1.1045699999999954,0],[0,0],[0,1.104569999999999],[0,0],[-1.10457,0],[0,0],[0,-1.10457],[0,0],[0,0]]}],"o":{"x":[0],"y":[0]},"i":{"x":[1],"y":[1]}},{"t":60,"s":[{"c":true,"v":[[2,0],[176,0],[178,2],[178,16],[176,18],[2,18],[0,16],[0,2],[2,0],[2,0]],"i":[[0,0],[0,0],[0,-1.1046],[0,0],[1.1046,0],[0,0],[0,1.1046],[0,0],[-1.1046,0],[0,0]],"o":[[0,0],[1.1045699999999954,0],[0,0],[0,1.104569999999999],[0,0],[-1.10457,0],[0,0],[0,-1.10457],[0,0],[0,0]]}],"o":{"x":[0],"y":[0]},"i":{"x":[0.15],"y":[1]}},{"t":240,"s":[{"c":true,"v":[[2,0],[176,0],[178,2],[178,16],[176,18],[2,18],[0,16],[0,2],[2,0],[2,0]],"i":[[0,0],[0,0],[0,-1.1046],[0,0],[1.1046,0],[0,0],[0,1.1046],[0,0],[-1.1046,0],[0,0]],"o":[[0,0],[1.1045699999999954,0],[0,0],[0,1.104569999999999],[0,0],[-1.10457,0],[0,0],[0,-1.10457],[0,0],[0,0]]}],"o":{"x":[0.5],"y":[0.35]},"i":{"x":[1],"y":[1]}},{"t":300,"s":[{"c":true,"v":[[2,0],[110,0],[112,2],[112,16],[110,18],[2,18],[0,16],[0,2],[2,0],[2,0]],"i":[[0,0],[0,0],[0,-1.1046],[0,0],[1.1046,0],[0,0],[0,1.1046],[0,0],[-1.1046,0],[0,0]],"o":[[0,0],[1.1045699999999954,0],[0,0],[0,1.104569999999999],[0,0],[-1.10457,0],[0,0],[0,-1.10457],[0,0],[0,0]]}]}]}},{"ty":"fl","o":{"a":0,"k":100},"c":{"a":0,"k":[1,1,1,1]},"nm":"Fill","hd":false,"r":1},{"ty":"tr","a":{"a":0,"k":[0,0]},"p":{"a":0,"k":[0,0]},"s":{"a":0,"k":[100,100]},"sk":{"a":0,"k":0},"sa":{"a":0,"k":0},"r":{"a":0,"k":0},"o":{"a":0,"k":100}}]}]},{"ty":3,"ddd":0,"ind":63,"hd":false,"nm":"4 - Null","parent":50,"ks":{"a":{"a":0,"k":[0,0]},"o":{"a":1,"k":[{"t":120,"s":[100],"o":{"x":[0],"y":[0]},"i":{"x":[1],"y":[1]}},{"t":180,"s":[0],"o":{"x":[0.5],"y":[0.35]},"i":{"x":[0.15],"y":[1]}},{"t":369,"s":[0],"o":{"x":[0],"y":[0]},"i":{"x":[1],"y":[1]}},{"t":420,"s":[100]}]},"p":{"a":1,"k":[{"t":0,"s":[256,346],"o":{"x":[0],"y":[0]},"i":{"x":[1],"y":[1]},"ti":[0,0],"to":[0,0]},{"t":60,"s":[256,289],"o":{"x":[0],"y":[0]},"i":{"x":[1],"y":[1]},"ti":[0,0],"to":[0,0]},{"t":120,"s":[256,232],"o":{"x":[0],"y":[0]},"i":{"x":[1],"y":[1]},"ti":[0,0],"to":[0,0]},{"t":180,"s":[256,177],"o":{"x":[0],"y":[0]},"i":{"x":[1],"y":[1]},"ti":[0,0],"to":[0,0]},{"t":240,"s":[256,574],"o":{"x":[0],"y":[0]},"i":{"x":[1],"y":[1]},"ti":[0,0],"to":[0,0]},{"t":300,"s":[256,517],"o":{"x":[0],"y":[0]},"i":{"x":[1],"y":[1]},"ti":[0,0],"to":[0,0]},{"t":360,"s":[256,460],"o":{"x":[0],"y":[0]},"i":{"x":[1],"y":[1]},"ti":[0,0],"to":[0,0]},{"t":420,"s":[256,403],"o":{"x":[0],"y":[0]},"i":{"x":[1],"y":[1]},"ti":[0,0],"to":[0,0]},{"t":480,"s":[256,346]}]},"r":{"a":0,"k":0},"s":{"a":0,"k":[100,100]},"sk":{"a":0,"k":0},"sa":{"a":0,"k":0}},"st":0,"ip":0,"op":480,"bm":0,"sr":1},{"ty":4,"ddd":0,"ind":64,"hd":false,"nm":"4","parent":63,"ks":{"a":{"a":0,"k":[0,0]},"p":{"a":0,"k":[0,0]},"s":{"a":0,"k":[100,100]},"sk":{"a":0,"k":0},"sa":{"a":0,"k":0},"r":{"a":0,"k":0},"o":{"a":1,"k":[{"t":120,"s":[100],"o":{"x":[0],"y":[0]},"i":{"x":[1],"y":[1]}},{"t":180,"s":[0],"o":{"x":[0.5],"y":[0.35]},"i":{"x":[0.15],"y":[1]}},{"t":369,"s":[0],"o":{"x":[0],"y":[0]},"i":{"x":[1],"y":[1]}},{"t":420,"s":[100]}]}},"st":0,"ip":0,"op":480,"bm":0,"sr":1,"shapes":[{"ty":"gr","nm":"Group","hd":false,"np":3,"it":[{"ty":"sh","nm":"Path","hd":false,"ks":{"a":1,"k":[{"t":180,"s":[{"c":true,"v":[[2,0],[176,0],[178,2],[178,16],[176,18],[2,18],[0,16],[0,2],[2,0],[2,0]],"i":[[0,0],[0,0],[0,-1.1046],[0,0],[1.1046,0],[0,0],[0,1.1046],[0,0],[-1.1046,0],[0,0]],"o":[[0,0],[1.1045699999999954,0],[0,0],[0,1.104569999999999],[0,0],[-1.10457,0],[0,0],[0,-1.10457],[0,0],[0,0]]}],"o":{"x":[0],"y":[0]},"i":{"x":[0.15],"y":[1]}},{"t":420,"s":[{"c":true,"v":[[2,0],[110,0],[112,2],[112,16],[110,18],[2,18],[0,16],[0,2],[2,0],[2,0]],"i":[[0,0],[0,0],[0,-1.1046],[0,0],[1.1046,0],[0,0],[0,1.1046],[0,0],[-1.1046,0],[0,0]],"o":[[0,0],[1.1045699999999954,0],[0,0],[0,1.104569999999999],[0,0],[-1.10457,0],[0,0],[0,-1.10457],[0,0],[0,0]]}],"o":{"x":[0],"y":[0]},"i":{"x":[1],"y":[1]}},{"t":480,"s":[{"c":true,"v":[[2,0],[176,0],[178,2],[178,16],[176,18],[2,18],[0,16],[0,2],[2,0],[2,0]],"i":[[0,0],[0,0],[0,-1.1046],[0,0],[1.1046,0],[0,0],[0,1.1046],[0,0],[-1.1046,0],[0,0]],"o":[[0,0],[1.1045699999999954,0],[0,0],[0,1.104569999999999],[0,0],[-1.10457,0],[0,0],[0,-1.10457],[0,0],[0,0]]}]}]}},{"ty":"fl","o":{"a":0,"k":100},"c":{"a":0,"k":[1,1,1,1]},"nm":"Fill","hd":false,"r":1},{"ty":"tr","a":{"a":0,"k":[0,0]},"p":{"a":0,"k":[0,0]},"s":{"a":0,"k":[100,100]},"sk":{"a":0,"k":0},"sa":{"a":0,"k":0},"r":{"a":0,"k":0},"o":{"a":0,"k":100}}]}]},{"ty":3,"ddd":0,"ind":65,"hd":false,"nm":"5 - Null","parent":50,"ks":{"a":{"a":0,"k":[0,0]},"o":{"a":1,"k":[{"t":60,"s":[100],"o":{"x":[0],"y":[0]},"i":{"x":[1],"y":[1]}},{"t":120,"s":[0],"o":{"x":[0.5],"y":[0.35]},"i":{"x":[0.15],"y":[1]}},{"t":334.20000000000005,"s":[0],"o":{"x":[0],"y":[0]},"i":{"x":[1],"y":[1]}},{"t":360,"s":[100]}]},"p":{"a":1,"k":[{"t":0,"s":[256,289],"o":{"x":[0],"y":[0]},"i":{"x":[1],"y":[1]},"ti":[0,0],"to":[0,0]},{"t":60,"s":[256,232],"o":{"x":[0],"y":[0]},"i":{"x":[1],"y":[1]},"ti":[0,0],"to":[0,0]},{"t":120,"s":[256,177],"o":{"x":[0],"y":[0]},"i":{"x":[1],"y":[1]},"ti":[0,0],"to":[0,0]},{"t":180,"s":[256,574],"o":{"x":[0],"y":[0]},"i":{"x":[1],"y":[1]},"ti":[0,0],"to":[0,0]},{"t":240,"s":[256,517],"o":{"x":[0],"y":[0]},"i":{"x":[1],"y":[1]},"ti":[0,0],"to":[0,0]},{"t":300,"s":[256,460],"o":{"x":[0],"y":[0]},"i":{"x":[1],"y":[1]},"ti":[0,0],"to":[0,0]},{"t":360,"s":[256,403],"o":{"x":[0],"y":[0]},"i":{"x":[1],"y":[1]},"ti":[0,0],"to":[0,0]},{"t":420,"s":[256,346],"o":{"x":[0],"y":[0]},"i":{"x":[1],"y":[1]},"ti":[0,0],"to":[0,0]},{"t":480,"s":[256,289]}]},"r":{"a":0,"k":0},"s":{"a":0,"k":[100,100]},"sk":{"a":0,"k":0},"sa":{"a":0,"k":0}},"st":0,"ip":0,"op":480,"bm":0,"sr":1},{"ty":4,"ddd":0,"ind":66,"hd":false,"nm":"5","parent":65,"ks":{"a":{"a":0,"k":[0,0]},"p":{"a":0,"k":[0,0]},"s":{"a":0,"k":[100,100]},"sk":{"a":0,"k":0},"sa":{"a":0,"k":0},"r":{"a":0,"k":0},"o":{"a":1,"k":[{"t":60,"s":[100],"o":{"x":[0],"y":[0]},"i":{"x":[1],"y":[1]}},{"t":120,"s":[0],"o":{"x":[0.5],"y":[0.35]},"i":{"x":[0.15],"y":[1]}},{"t":334.20000000000005,"s":[0],"o":{"x":[0],"y":[0]},"i":{"x":[1],"y":[1]}},{"t":360,"s":[100]}]}},"st":0,"ip":0,"op":480,"bm":0,"sr":1,"shapes":[{"ty":"gr","nm":"Group","hd":false,"np":3,"it":[{"ty":"sh","nm":"Path","hd":false,"ks":{"a":1,"k":[{"t":120,"s":[{"c":true,"v":[[2,0],[176,0],[178,2],[178,16],[176,18],[2,18],[0,16],[0,2],[2,0],[2,0]],"i":[[0,0],[0,0],[0,-1.1046],[0,0],[1.1046,0],[0,0],[0,1.1046],[0,0],[-1.1046,0],[0,0]],"o":[[0,0],[1.1045699999999954,0],[0,0],[0,1.104569999999999],[0,0],[-1.10457,0],[0,0],[0,-1.10457],[0,0],[0,0]]}],"o":{"x":[0],"y":[0]},"i":{"x":[1],"y":[1]}},{"t":180,"s":[{"c":true,"v":[[2,0],[110,0],[112,2],[112,16],[110,18],[2,18],[0,16],[0,2],[2,0],[2,0]],"i":[[0,0],[0,0],[0,-1.1046],[0,0],[1.1046,0],[0,0],[0,1.1046],[0,0],[-1.1046,0],[0,0]],"o":[[0,0],[1.1045699999999954,0],[0,0],[0,1.104569999999999],[0,0],[-1.10457,0],[0,0],[0,-1.10457],[0,0],[0,0]]}],"o":{"x":[0.5],"y":[0.35]},"i":{"x":[0.15],"y":[1]}},{"t":360,"s":[{"c":true,"v":[[2,0],[110,0],[112,2],[112,16],[110,18],[2,18],[0,16],[0,2],[2,0],[2,0]],"i":[[0,0],[0,0],[0,-1.1046],[0,0],[1.1046,0],[0,0],[0,1.1046],[0,0],[-1.1046,0],[0,0]],"o":[[0,0],[1.1045699999999954,0],[0,0],[0,1.104569999999999],[0,0],[-1.10457,0],[0,0],[0,-1.10457],[0,0],[0,0]]}],"o":{"x":[0],"y":[0]},"i":{"x":[1],"y":[1]}},{"t":420,"s":[{"c":true,"v":[[2,0],[176,0],[178,2],[178,16],[176,18],[2,18],[0,16],[0,2],[2,0],[2,0]],"i":[[0,0],[0,0],[0,-1.1046],[0,0],[1.1046,0],[0,0],[0,1.1046],[0,0],[-1.1046,0],[0,0]],"o":[[0,0],[1.1045699999999954,0],[0,0],[0,1.104569999999999],[0,0],[-1.10457,0],[0,0],[0,-1.10457],[0,0],[0,0]]}]}]}},{"ty":"fl","o":{"a":0,"k":100},"c":{"a":0,"k":[1,1,1,1]},"nm":"Fill","hd":false,"r":1},{"ty":"tr","a":{"a":0,"k":[0,0]},"p":{"a":0,"k":[0,0]},"s":{"a":0,"k":[100,100]},"sk":{"a":0,"k":0},"sa":{"a":0,"k":0},"r":{"a":0,"k":0},"o":{"a":0,"k":100}}]}]},{"ty":3,"ddd":0,"ind":67,"hd":false,"nm":"6 - Null","parent":50,"ks":{"a":{"a":0,"k":[0,0]},"o":{"a":1,"k":[{"t":0,"s":[100],"o":{"x":[0],"y":[0]},"i":{"x":[1],"y":[1]}},{"t":60,"s":[0],"o":{"x":[0.5],"y":[0.35]},"i":{"x":[0.15],"y":[1]}},{"t":247.79999999999998,"s":[0],"o":{"x":[0],"y":[0]},"i":{"x":[1],"y":[1]}},{"t":300,"s":[100]}]},"p":{"a":1,"k":[{"t":0,"s":[256,232],"o":{"x":[0],"y":[0]},"i":{"x":[1],"y":[1]},"ti":[0,0],"to":[0,0]},{"t":60,"s":[256,177],"o":{"x":[0],"y":[0]},"i":{"x":[1],"y":[1]},"ti":[0,0],"to":[0,0]},{"t":120,"s":[256,574],"o":{"x":[0],"y":[0]},"i":{"x":[1],"y":[1]},"ti":[0,0],"to":[0,0]},{"t":180,"s":[256,517],"o":{"x":[0],"y":[0]},"i":{"x":[1],"y":[1]},"ti":[0,0],"to":[0,0]},{"t":240,"s":[256,460],"o":{"x":[0],"y":[0]},"i":{"x":[1],"y":[1]},"ti":[0,0],"to":[0,0]},{"t":300,"s":[256,403],"o":{"x":[0],"y":[0]},"i":{"x":[1],"y":[1]},"ti":[0,0],"to":[0,0]},{"t":360,"s":[256,346],"o":{"x":[0],"y":[0]},"i":{"x":[1],"y":[1]},"ti":[0,0],"to":[0,0]},{"t":420,"s":[256,289],"o":{"x":[0],"y":[0]},"i":{"x":[1],"y":[1]},"ti":[0,0],"to":[0,0]},{"t":480,"s":[256,232]}]},"r":{"a":0,"k":0},"s":{"a":0,"k":[100,100]},"sk":{"a":0,"k":0},"sa":{"a":0,"k":0}},"st":0,"ip":0,"op":480,"bm":0,"sr":1},{"ty":4,"ddd":0,"ind":68,"hd":false,"nm":"6","parent":67,"ks":{"a":{"a":0,"k":[0,0]},"p":{"a":0,"k":[0,0]},"s":{"a":0,"k":[100,100]},"sk":{"a":0,"k":0},"sa":{"a":0,"k":0},"r":{"a":0,"k":0},"o":{"a":1,"k":[{"t":0,"s":[100],"o":{"x":[0],"y":[0]},"i":{"x":[1],"y":[1]}},{"t":60,"s":[0],"o":{"x":[0.5],"y":[0.35]},"i":{"x":[0.15],"y":[1]}},{"t":247.79999999999998,"s":[0],"o":{"x":[0],"y":[0]},"i":{"x":[1],"y":[1]}},{"t":300,"s":[100]}]}},"st":0,"ip":0,"op":480,"bm":0,"sr":1,"shapes":[{"ty":"gr","nm":"Group","hd":false,"np":3,"it":[{"ty":"sh","nm":"Path","hd":false,"ks":{"a":1,"k":[{"t":60,"s":[{"c":true,"v":[[2,0],[176,0],[178,2],[178,16],[176,18],[2,18],[0,16],[0,2],[2,0],[2,0]],"i":[[0,0],[0,0],[0,-1.1046],[0,0],[1.1046,0],[0,0],[0,1.1046],[0,0],[-1.1046,0],[0,0]],"o":[[0,0],[1.1045699999999954,0],[0,0],[0,1.104569999999999],[0,0],[-1.10457,0],[0,0],[0,-1.10457],[0,0],[0,0]]}],"o":{"x":[0],"y":[0]},"i":{"x":[1],"y":[1]}},{"t":120,"s":[{"c":true,"v":[[2,0],[110,0],[112,2],[112,16],[110,18],[2,18],[0,16],[0,2],[2,0],[2,0]],"i":[[0,0],[0,0],[0,-1.1046],[0,0],[1.1046,0],[0,0],[0,1.1046],[0,0],[-1.1046,0],[0,0]],"o":[[0,0],[1.1045699999999954,0],[0,0],[0,1.104569999999999],[0,0],[-1.10457,0],[0,0],[0,-1.10457],[0,0],[0,0]]}],"o":{"x":[0.5],"y":[0.35]},"i":{"x":[0.15],"y":[1]}},{"t":300,"s":[{"c":true,"v":[[2,0],[110,0],[112,2],[112,16],[110,18],[2,18],[0,16],[0,2],[2,0],[2,0]],"i":[[0,0],[0,0],[0,-1.1046],[0,0],[1.1046,0],[0,0],[0,1.1046],[0,0],[-1.1046,0],[0,0]],"o":[[0,0],[1.1045699999999954,0],[0,0],[0,1.104569999999999],[0,0],[-1.10457,0],[0,0],[0,-1.10457],[0,0],[0,0]]}],"o":{"x":[0],"y":[0]},"i":{"x":[1],"y":[1]}},{"t":360,"s":[{"c":true,"v":[[2,0],[176,0],[178,2],[178,16],[176,18],[2,18],[0,16],[0,2],[2,0],[2,0]],"i":[[0,0],[0,0],[0,-1.1046],[0,0],[1.1046,0],[0,0],[0,1.1046],[0,0],[-1.1046,0],[0,0]],"o":[[0,0],[1.1045699999999954,0],[0,0],[0,1.104569999999999],[0,0],[-1.10457,0],[0,0],[0,-1.10457],[0,0],[0,0]]}]}]}},{"ty":"fl","o":{"a":0,"k":100},"c":{"a":0,"k":[1,1,1,1]},"nm":"Fill","hd":false,"r":1},{"ty":"tr","a":{"a":0,"k":[0,0]},"p":{"a":0,"k":[0,0]},"s":{"a":0,"k":[100,100]},"sk":{"a":0,"k":0},"sa":{"a":0,"k":0},"r":{"a":0,"k":0},"o":{"a":0,"k":100}}]}]},{"ddd":0,"ind":69,"ty":0,"nm":"bg","refId":"ll692m7r829eoh9ouue","sr":1,"ks":{"a":{"a":0,"k":[0,0]},"p":{"a":0,"k":[0,0]},"s":{"a":0,"k":[100,100]},"sk":{"a":0,"k":0},"sa":{"a":0,"k":0},"r":{"a":0,"k":0},"o":{"a":0,"k":100}},"ao":0,"w":760,"h":600,"ip":0,"op":480,"st":0,"hd":false,"bm":0}]}],"layers":[{"ty":3,"ddd":0,"ind":50,"hd":false,"nm":"bg - Null","ks":{"a":{"a":0,"k":[0,0]},"o":{"a":0,"k":100},"p":{"a":0,"k":[0,0]},"r":{"a":0,"k":0},"s":{"a":0,"k":[100,100]},"sk":{"a":0,"k":0},"sa":{"a":0,"k":0}},"st":0,"ip":0,"op":480,"bm":0,"sr":1},{"ddd":0,"ind":2,"ty":0,"nm":"bg","refId":"ll692m6o7eikzmjbny7","sr":1,"ks":{"a":{"a":0,"k":[0,0]},"p":{"a":0,"k":[0,0]},"s":{"a":0,"k":[100,100]},"sk":{"a":0,"k":0},"sa":{"a":0,"k":0},"r":{"a":0,"k":0},"o":{"a":0,"k":100}},"ao":0,"w":760,"h":600,"ip":0,"op":480,"st":0,"hd":false,"bm":0}],"meta":{"a":"","d":"","tc":"","g":"Aninix"}}