{"v":"4.8.0","meta":{"g":"LottieFiles AE 3.4.4","a":"","k":"","d":"","tc":""},"fr":30,"ip":0,"op":30,"w":250,"h":250,"nm":"1 Home 2","ddd":0,"assets":[{"id":"comp_0","layers":[{"ddd":0,"ind":1,"ty":4,"nm":"no color","sr":1,"ks":{"o":{"a":0,"k":100,"ix":11},"r":{"a":0,"k":0,"ix":10},"p":{"a":0,"k":[190.75,367.339,0],"ix":2},"a":{"a":0,"k":[147.75,295.35,0],"ix":1},"s":{"a":1,"k":[{"i":{"x":[0.667,0.667,0.667],"y":[1,1,1]},"o":{"x":[0.333,0.333,0.333],"y":[0,0,0]},"t":7,"s":[100,100,100]},{"i":{"x":[0.667,0.667,0.667],"y":[1,1,1]},"o":{"x":[0.333,0.333,0.333],"y":[0,0,0]},"t":10,"s":[110,48,100]},{"i":{"x":[0.667,0.667,0.667],"y":[1,1,1]},"o":{"x":[0.333,0.333,0.333],"y":[0,0,0]},"t":14.984,"s":[77,114,100]},{"t":17.9996950075075,"s":[100,100,100]}],"ix":6}},"ao":0,"shapes":[{"ty":"gr","it":[{"ind":0,"ty":"sh","ix":1,"ks":{"a":0,"k":{"i":[[-4.6,-3.3],[0,0],[-3.1,-6],[0,-6.7],[0,0],[23.6,0],[0,0],[0,0],[25.7,0],[0,-25.601],[0,0],[0,0],[0,23.5],[0,0],[-3.1,6],[-5.5,3.9],[0,0],[-5.7,0]],"o":[[0,0],[5.5,3.9],[3.1,6],[0,0],[0,23.5],[0,0],[0,0],[0,-25.601],[-25.7,0],[0,0],[0,0],[-23.6,0],[0,0],[0,-6.8],[3.1,-6],[0,0],[4.6,-3.3],[5.6,-0.1]],"v":[[15.8,-142.45],[129.7,-60.95],[142.8,-45.85],[147.5,-26.45],[147.5,104.95],[104.8,147.55],[46.6,147.55],[46.6,85.651],[0,39.25],[-46.6,85.651],[-46.6,147.55],[-104.8,147.55],[-147.5,104.95],[-147.5,-26.35],[-142.8,-45.75],[-129.7,-60.85],[-15.8,-142.35],[0.1,-147.45]],"c":true},"ix":2},"nm":"Path 1","mn":"ADBE Vector Shape - Group","hd":false},{"ty":"fl","c":{"a":0,"k":[0.705882352941,0.737254901961,0.803921568627,1],"ix":4},"o":{"a":0,"k":100,"ix":5},"r":1,"bm":0,"nm":"Fill 1","mn":"ADBE Vector Graphic - Fill","hd":false},{"ty":"tr","p":{"a":0,"k":[147.75,147.8],"ix":2},"a":{"a":0,"k":[0,0],"ix":1},"s":{"a":0,"k":[100,100],"ix":3},"r":{"a":0,"k":0,"ix":6},"o":{"a":0,"k":100,"ix":7},"sk":{"a":0,"k":0,"ix":4},"sa":{"a":0,"k":0,"ix":5},"nm":"Transform"}],"nm":"Group 1","np":2,"cix":2,"bm":0,"ix":1,"mn":"ADBE Vector Group","hd":false}],"ip":0,"op":30.03003003003,"st":7.50750750750751,"bm":0}]}],"layers":[{"ddd":0,"ind":1,"ty":0,"nm":"1 Home","refId":"comp_0","sr":1,"ks":{"o":{"a":0,"k":100,"ix":11},"r":{"a":0,"k":0,"ix":10},"p":{"a":0,"k":[125,138,0],"ix":2},"a":{"a":0,"k":[191,219.5,0],"ix":1},"s":{"a":0,"k":[66.597,66.597,100],"ix":6}},"ao":0,"tm":{"a":0,"k":0.967,"ix":2},"w":382,"h":439,"ip":0,"op":30,"st":0,"bm":0}],"markers":[]}